Workbook

Sheet Январь 2025
A2: 1Л ТП
A3: Смена | B3: Будние дни | C3: Выходные дни | D3: 45663 | E3: 45664 | F3: 45665 | G3: 45666 | H3: 45667 | I3: 45668 | J3: 45669
A4: Дежурство по офису | B4: 08:00 - 17:00 | C4: - | D4: - | E4: - | F4: - | G4: Короткевич Артем | H4: Короткевич Артем
A5: Утреннее дежурство | B5: 08:00 - 17:00 | C5: - | D5: - | E5: - | F5: - | G5: Грынык Кирилл | H5: Грынык Кирилл
A6: Ночное дежурство | B6: 21:00 - 09:00 | C6: 21:00 - 09:00 | D6: Грынык Кирилл | E6: Евсеев Илья | F6: Рыбаков Максим | I6: Рыбаков Максим | J6: Рыбаков Максим
A7: Ночное дежурство | B7: 21:00 - 09:00 | C7: - | D7: - | E7: - | F7: - | G7: Евсеев Илья | H7: Евсеев Илья
A8: Вечернее дежурство | B8: 13:00 - 21:00 | C8: - | D8: - | E8: - | F8: - | G8: Пантюх Александр | H8: Пантюх Александр
A9: Утреннее дежурство и Выходное дежурство | B9: 08:00 - 17:00 | C9: 09:00 - 21:00 | D9: Зырянов Даниил | E9: Громов Лев | F9: Громов Лев | I9: Громов Лев | J9: Громов Лев
A10: Решение инцидентов/запросов | B10: 09:00 - 18:00 | C10: - | D10: - | E10: - | F10: - | G10: Батуров Вячеслав | H10: Батуров Вячеслав
A11: Управление ИТ-услугами | B11: 09:00 - 18:00 | C11: - | D11: - | E11: - | F11: - | G11: Зырянов Даниил | H11: Зырянов Даниил
A12: Руководитель первой линии | B12: 09:00 - 18:00 | C12: - | D12: - | E12: - | F12: - | G12: Баженов Артем | H12: Баженов Артем
A13: Отпуск | B13: - | C13: - | D13: - | E13: - | F13: - | G13: - | H13: - | I13: - | J13: -
A14: Отпуск | B14: - | C14: - | D14: - | E14: - | F14: - | G14: - | H14: - | I14: - | J14: -
A15: 2Л ТП
A16: Новый сотрудник | B16: 09:00 - 18:00 | C16: - | E16: - | F16: - | G16: Комлев Владислав | H16: Комлев Владислав
A17: Вечернее дежурство | B17: 13:00 - 21:00 | C17: - | D17: - | E17: - | F17: - | G17: Шаповалов Дмитрий | H17: Шаповалов Дмитрий
A18: Ночное дежурство | B18: 21:00 - 09:00 | C18: 21:00 - 09:00 | D18: Полунин Вадим | E18: Крутилев Владимир | F18: Стальмаков Никита | I18: Полунин Вадим | J18: Полунин Вадим
A19: Ночное дежурство | B19: 21:00 - 09:00 | C19: - | D19: - | E19: - | F19: - | G19: Букреев Даниил | H19: Букреев Даниил
A20: Утреннее дежурство | B20: 08:00 - 17:00 | C20: 09:00 - 21:00 | D20: Букреев Даниил | E20: Букреев Даниил | F20: Пелепенко Антон | G20: Крутилев Владимир | H20: Крутилев Владимир | I20: Пелепенко Антон | J20: Пелепенко Антон
A21: Утреннее дежурство | B21: 08:00 - 17:00 | C21: - | D21: - | E21: - | F21: - | G21: - | H21: -
A22: Администрирование сервисов | B22: 09:00 - 18:00 | C22: - | D22: - | E22: - | F22: - | G22: - | H22: Стальмаков Никита
A23: Руководитель второй линии | B23: 09:00 - 18:00 | C23: - | D23: - | E23: - | F23: - | G23: Демин Владимир | H23: Демин Владимир
A24: Отпуск | B24: - | C24: - | D24: - | E24: - | F24: - | G24: - | H24: - | I24: - | J24: -
A25: Отпуск | B25: - | C25: - | D25: - | E25: - | F25: - | G25: - | H25: - | I25: - | J25: -
A27: 1Л ТП
A28: Смена | B28: Будние дни | C28: Выходные дни | D28: 45670 | E28: 45671 | F28: 45672 | G28: 45673 | H28: 45674 | I28: 45675 | J28: 45676
A29: Дежурство по офису | B29: 08:00 - 17:00 | C29: - | D29: Короткевич Артем | E29: Короткевич Артем | F29: Короткевич Артем | G29: Короткевич Артем | H29: Короткевич Артем
A30: Утреннее дежурство | B30: 08:00 - 17:00 | C30: - | D30: Батуров Вячеслав | E30: Батуров Вячеслав | F30: Батуров Вячеслав | G30: Батуров Вячеслав | H30: Батуров Вячеслав
A31: Ночное дежурство | B31: 21:00 - 09:00 | C31: 21:00 - 09:00 | F31: Рыбаков Максим | G31: Рыбаков Максим | H31: Рыбаков Максим
A32: Ночное дежурство | B32: 21:00 - 09:00 | C32: - | D32: Пантюх Александр | E32: Пантюх Александр | I32: Пантюх Александр | J32: Пантюх Александр
A33: Вечернее дежурство | B33: 13:00 - 21:00 | C33: - | F33: Громов Лев | G33: Громов Лев | H33: Громов Лев
A34: Вечернее дежурство и Выходное дежурство | B34: 13:00 - 21:00 | C34: 09:00 - 21:00 | D34: Евсеев Илья | E34: Евсеев Илья | I34: Евсеев Илья | J34: Евсеев Илья
A35: Решение инцидентов/запросов | B35: 09:00 - 18:00 | C35: - | D35: Зырянов Даниил | E35: Зырянов Даниил | F35: Зырянов Даниил | G35: Зырянов Даниил | H35: Зырянов Даниил
A36: Управление ИТ-услугами | B36: 09:00 - 18:00 | C36: - | D36: Грынык Кирилл | E36: Грынык Кирилл | F36: Грынык Кирилл | G36: Грынык Кирилл | H36: Грынык Кирилл
A37: Руководитель первой линии | B37: 09:00 - 18:00 | C37: - | D37: Баженов Артем | E37: Баженов Артем | F37: Баженов Артем | G37: Баженов Артем | H37: Баженов Артем
A38: Отпуск | B38: - | C38: - | D38: - | E38: - | F38: - | G38: - | H38: - | I38: - | J38: -
A39: Отпуск | B39: - | C39: - | D39: - | E39: - | F39: - | G39: - | H39: - | I39: - | J39: -
A40: 2Л ТП
A41: Новый сотрудник | B41: 09:00 - 18:00 | C41: - | D41: Комлев Владислав | E41: Комлев Владислав | F41: Комлев Владислав | G41: Комлев Владислав | H41: Комлев Владислав
A42: Вечернее дежурство | B42: 13:00 - 21:00 | C42: - | D42: Крутилев Владимир | E42: Крутилев Владимир | F42: Крутилев Владимир | G42: Крутилев Владимир | H42: Крутилев Владимир
A43: Ночное дежурство | B43: 21:00 - 09:00 | C43: 21:00 - 09:00 | D43: Шаповалов Дмитрий | E43: Шаповалов Дмитрий | I43: Шаповалов Дмитрий | J43: Шаповалов Дмитрий
A44: Ночное дежурство | B44: 21:00 - 09:00 | C44: - | F44: Полунин Вадим | G44: Полунин Вадим | H44: Полунин Вадим
A45: Утреннее дежурство | B45: 08:00 - 17:00 | C45: 09:00 - 21:00 | D45: Букреев Даниил | E45: Букреев Даниил | I45: Букреев Даниил | J45: Букреев Даниил
A46: Утреннее дежурство | B46: 08:00 - 17:00 | C46: - | F46: Пелепенко Антон | G46: Пелепенко Антон | H46: Пелепенко Антон
A47: Администрирование сервисов | B47: 09:00 - 18:00 | C47: - | D47: Стальмаков Никита | E47: Стальмаков Никита | F47: Стальмаков Никита | G47: Стальмаков Никита | H47: Стальмаков Никита
A48: Руководитель второй линии | B48: 09:00 - 18:00 | C48: - | D48: Демин Владимир | E48: Демин Владимир | F48: Демин Владимир | G48: Демин Владимир | H48: Демин Владимир
A49: Отпуск | B49: - | C49: - | D49: - | E49: - | F49: - | G49: - | H49: - | I49: - | J49: -
A50: Отпуск | B50: - | C50: - | D50: - | E50: - | F50: - | G50: - | H50: - | I50: - | J50: -
A52: 1Л ТП
A53: Смена | B53: Будние дни | C53: Выходные дни | D53: 45677 | E53: 45678 | F53: 45679 | G53: 45680 | H53: 45681 | I53: 45682 | J53: 45683
A54: Дежурство по офису | B54: 08:00 - 17:00 | C54: - | D54: Короткевич Артем | E54: Короткевич Артем | F54: Короткевич Артем | G54: Короткевич Артем | H54: Короткевич Артем
A55: Утреннее дежурство | B55: 08:00 - 17:00 | C55: - | D55: Батуров Вячеслав | E55: Батуров Вячеслав | F55: Батуров Вячеслав | G55: Батуров Вячеслав | H55: Батуров Вячеслав
A56: Ночное дежурство | B56: 21:00 - 09:00 | C56: 21:00 - 09:00 | F56: Пантюх Александр | G56: Пантюх Александр | H56: Пантюх Александр
A57: Ночное дежурство | B57: 21:00 - 09:00 | C57: - | D57: Грынык Кирилл | E57: Грынык Кирилл | I57: Грынык Кирилл | J57: Грынык Кирилл
A58: Вечернее дежурство | B58: 13:00 - 21:00 | C58: - | F58: Евсеев Илья | G58: Евсеев Илья | H58: Евсеев Илья
A59: Вечернее дежурство и Выходное дежурство | B59: 13:00 - 21:00 | C59: 09:00 - 21:00 | D59: Рыбаков Максим | E59: Рыбаков Максим | I59: Рыбаков Максим | J59: Рыбаков Максим
A60: Решение инцидентов/запросов | B60: 09:00 - 18:00 | C60: - | D60: Зырянов Даниил | E60: Зырянов Даниил | F60: Зырянов Даниил | G60: Зырянов Даниил | H60: Зырянов Даниил
A61: Управление ИТ-услугами | B61: 09:00 - 18:00 | C61: - | D61: Громов Лев | E61: Громов Лев | F61: Громов Лев | G61: Громов Лев | H61: Громов Лев
A62: Руководитель первой линии | B62: 09:00 - 18:00 | C62: - | D62: Баженов Артем | E62: Баженов Артем | F62: Баженов Артем | G62: Баженов Артем | H62: Баженов Артем
A63: Отпуск | B63: - | C63: - | D63: - | E63: - | F63: - | G63: - | H63: - | I63: - | J63: -
A64: Отпуск | B64: - | C64: - | D64: - | E64: - | F64: - | G64: - | H64: - | I64: - | J64: -
A65: 2Л ТП
A66: Новый сотрудник | B66: 09:00 - 18:00 | C66: - | D66: - | E66: - | F66: - | G66: - | H66: -
A67: Вечернее дежурство | B67: 13:00 - 21:00 | C67: - | D67: Полунин Вадим | E67: Полунин Вадим | F67: Букреев Даниил | G67: Букреев Даниил | H67: Букреев Даниил
A68: Ночное дежурство | B68: 21:00 - 09:00 | C68: 21:00 - 09:00 | D68: Крутилев Владимир | E68: Крутилев Владимир | I68: Крутилев Владимир | J68: Крутилев Владимир
A69: Ночное дежурство | B69: 21:00 - 09:00 | C69: - | F69: Шаповалов Дмитрий | G69: Шаповалов Дмитрий | H69: Шаповалов Дмитрий
A70: Утреннее дежурство | B70: 08:00 - 17:00 | C70: 09:00 - 21:00 | D70: Комлев Владислав | E70: Комлев Владислав | F70: Комлев Владислав | G70: Комлев Владислав | H70: Комлев Владислав | I70: Полунин Вадим | J70: Полунин Вадим
A71: Утреннее дежурство | B71: 08:00 - 17:00 | C71: - | D71: Стальмаков Никита | E71: Стальмаков Никита | F71: Стальмаков Никита | G71: Стальмаков Никита | H71: Стальмаков Никита
A72: Администрирование сервисов | B72: 09:00 - 18:00 | C72: - | D72: Пелепенко Антон | E72: Пелепенко Антон | F72: Пелепенко Антон | G72: Пелепенко Антон | H72: Пелепенко Антон
A73: Руководитель второй линии | B73: 09:00 - 18:00 | C73: - | D73: Демин Владимир | E73: Демин Владимир | F73: Демин Владимир | G73: Демин Владимир | H73: Демин Владимир
A74: Отпуск | B74: - | C74: - | D74: - | E74: - | F74: - | G74: - | H74: - | I74: - | J74: -
A75: Отпуск | B75: - | C75: - | D75: - | E75: - | F75: - | G75: - | H75: - | I75: - | J75: -
A77: 1Л ТП
A78: Смена | B78: Будние дни | C78: Выходные дни | D78: 45684 | E78: 45685 | F78: 45686 | G78: 45687 | H78: 45688 | I78: 45689 | J78: 45690
A79: Дежурство по офису | B79: 08:00 - 17:00 | C79: - | D79: Короткевич Артем | E79: Короткевич Артем | F79: Короткевич Артем | G79: Короткевич Артем | H79: Короткевич Артем
A80: Утреннее дежурство | B80: 08:00 - 17:00 | C80: - | D80: Батуров Вячеслав | E80: Батуров Вячеслав | F80: Батуров Вячеслав | G80: Батуров Вячеслав | H80: Батуров Вячеслав
A81: Ночное дежурство | B81: 21:00 - 09:00 | C81: 21:00 - 09:00 | F81: Грынык Кирилл | G81: Грынык Кирилл | H81: Грынык Кирилл
A82: Ночное дежурство | B82: 21:00 - 09:00 | C82: - | D82: Зырянов Даниил | E82: Зырянов Даниил | I82: Зырянов Даниил | J82: Зырянов Даниил
A83: Вечернее дежурство | B83: 13:00 - 21:00 | C83: - | F83: Рыбаков Максим | G83: Рыбаков Максим | H83: Рыбаков Максим
A84: Вечернее дежурство и Выходное дежурство | B84: 13:00 - 21:00 | C84: 09:00 - 21:00 | D84: Пантюх Александр | E84: Пантюх Александр | I84: Пантюх Александр | J84: Пантюх Александр
A85: Решение инцидентов/запросов | B85: 09:00 - 18:00 | C85: - | D85: Громов Лев | E85: Громов Лев | F85: Громов Лев | G85: Громов Лев | H85: Громов Лев
A86: Управление ИТ-услугами | B86: 09:00 - 18:00 | C86: - | D86: Евсеев Илья | E86: Евсеев Илья | F86: Евсеев Илья | G86: Евсеев Илья | H86: Евсеев Илья
A87: Руководитель первой линии | B87: 09:00 - 18:00 | C87: - | D87: Баженов Артем | E87: Баженов Артем | F87: Баженов Артем | G87: Баженов Артем | H87: Баженов Артем
A88: Отпуск | B88: - | C88: - | D88: - | E88: - | F88: - | G88: - | H88: - | I88: - | J88: -
A89: Отпуск | B89: - | C89: - | D89: - | E89: - | F89: - | G89: - | H89: - | I89: - | J89: -
A90: 2Л ТП
A91: Новый сотрудник | B91: 09:00 - 18:00 | C91: - | D91: - | E91: - | F91: - | G91: - | H91: -
A92: Вечернее дежурство | B92: 13:00 - 21:00 | C92: - | D92: Шаповалов Дмитрий | E92: Шаповалов Дмитрий | F92: Полунин Вадим | G92: Полунин Вадим | H92: Полунин Вадим
A93: Ночное дежурство | B93: 21:00 - 09:00 | C93: 21:00 - 09:00 | D93: Букреев Даниил | E93: Букреев Даниил | I93: Букреев Даниил | J93: Букреев Даниил
A94: Ночное дежурство | B94: 21:00 - 09:00 | C94: - | F94: Крутилев Владимир | G94: Крутилев Владимир | H94: Крутилев Владимир
A95: Утреннее дежурство | B95: 08:00 - 17:00 | C95: 09:00 - 21:00 | D95: Комлев Владислав | E95: Комлев Владислав | F95: Комлев Владислав | G95: Комлев Владислав | H95: Комлев Владислав | I95: Шаповалов Дмитрий | J95: Шаповалов Дмитрий
A96: Утреннее дежурство | B96: 08:00 - 17:00 | C96: - | D96: Стальмаков Никита | E96: Стальмаков Никита | F96: Стальмаков Никита | G96: Стальмаков Никита | H96: Стальмаков Никита
A97: Администрирование сервисов | B97: 09:00 - 18:00 | C97: - | D97: Пелепенко Антон | E97: Пелепенко Антон | F97: Пелепенко Антон | G97: Пелепенко Антон | H97: Пелепенко Антон
A98: Руководитель второй линии | B98: 09:00 - 18:00 | C98: - | D98: Демин Владимир | E98: Демин Владимир | F98: Демин Владимир | G98: Демин Владимир | H98: Демин Владимир
A99: Отпуск | B99: - | C99: - | D99: - | E99: - | F99: - | G99: - | H99: - | I99: - | J99: -
A100: Отпуск | B100: - | C100: - | D100: - | E100: - | F100: - | G100: - | H100: - | I100: - | J100: -

Sheet Февраль 2025
A2: 1Л ТП
A3: Смена | B3: Будние дни | C3: Выходные дни | D3: 45684 | E3: 45685 | F3: 45686 | G3: 45687 | H3: 45688 | I3: 45689 | J3: 45690
A4: Дежурство по офису | B4: 08:00 - 17:00 | C4: - | D4: Короткевич Артем | E4: Короткевич Артем | F4: Короткевич Артем | G4: Короткевич Артем | H4: Короткевич Артем
A5: Утреннее дежурство | B5: 08:00 - 17:00 | C5: - | D5: Батуров Вячеслав | E5: Батуров Вячеслав | F5: Батуров Вячеслав | G5: Батуров Вячеслав | H5: Батуров Вячеслав
A6: Ночное дежурство | B6: 21:00 - 09:00 | C6: 21:00 - 09:00 | F6: Грынык Кирилл | G6: Грынык Кирилл | H6: Грынык Кирилл
A7: Ночное дежурство | B7: 21:00 - 09:00 | C7: - | D7: Зырянов Даниил | E7: Зырянов Даниил | I7: Зырянов Даниил | J7: Зырянов Даниил
A8: Вечернее дежурство | B8: 13:00 - 21:00 | C8: - | F8: Рыбаков Максим | G8: Рыбаков Максим | H8: Рыбаков Максим
A9: Вечернее дежурство и Выходное дежурство | B9: 13:00 - 21:00 | C9: 09:00 - 21:00 | D9: Пантюх Александр | E9: Пантюх Александр | I9: Пантюх Александр | J9: Пантюх Александр
A10: Решение инцидентов/запросов | B10: 09:00 - 18:00 | C10: - | D10: Громов Лев | E10: Громов Лев | F10: Громов Лев | G10: Громов Лев | H10: Громов Лев
A11: Управление ИТ-услугами | B11: 09:00 - 18:00 | C11: - | D11: Евсеев Илья | E11: Евсеев Илья | F11: Евсеев Илья | G11: Евсеев Илья | H11: Евсеев Илья
A12: Руководитель первой линии | B12: 09:00 - 18:00 | C12: - | D12: Баженов Артем | E12: Баженов Артем | F12: Баженов Артем | G12: Баженов Артем | H12: Баженов Артем
A13: Отпуск | B13: - | C13: - | D13: - | E13: - | F13: - | G13: - | H13: - | I13: - | J13: -
A14: Отпуск | B14: - | C14: - | D14: - | E14: - | F14: - | G14: - | H14: - | I14: - | J14: -
A15: 2Л ТП
A16: Новый сотрудник | B16: 09:00 - 18:00 | C16: - | D16: - | E16: - | F16: - | G16: - | H16: -
A17: Вечернее дежурство | B17: 13:00 - 21:00 | C17: - | D17: Шаповалов Дмитрий | E17: Шаповалов Дмитрий | F17: Полунин Вадим | G17: Полунин Вадим | H17: Полунин Вадим
A18: Ночное дежурство | B18: 21:00 - 09:00 | C18: 21:00 - 09:00 | D18: Букреев Даниил | E18: Букреев Даниил | F18: - | G18: - | H18: - | I18: Букреев Даниил | J18: Букреев Даниил
A19: Ночное дежурство | B19: 21:00 - 09:00 | C19: - | D19: - | E19: - | F19: Крутилев Владимир | G19: Крутилев Владимир | H19: Крутилев Владимир | I19: - | J19: -
A20: Утреннее дежурство | B20: 08:00 - 17:00 | C20: 09:00 - 21:00 | D20: Комлев Владислав | E20: Комлев Владислав | F20: Комлев Владислав | G20: Комлев Владислав | H20: Комлев Владислав | I20: Шаповалов Дмитрий | J20: Шаповалов Дмитрий
A21: Утреннее дежурство | B21: 08:00 - 17:00 | C21: - | D21: Стальмаков Никита | E21: Стальмаков Никита | F21: Стальмаков Никита | G21: Стальмаков Никита | H21: Стальмаков Никита
A22: Администрирование сервисов | B22: 09:00 - 18:00 | C22: - | D22: Пелепенко Антон | E22: Пелепенко Антон | F22: Пелепенко Антон | G22: Пелепенко Антон | H22: Пелепенко Антон
A23: Руководитель второй линии | B23: 09:00 - 18:00 | C23: - | D23: Демин Владимир | E23: Демин Владимир | F23: Демин Владимир | G23: Демин Владимир | H23: Демин Владимир
A24: Отпуск | B24: - | C24: - | D24: - | E24: - | F24: - | G24: - | H24: - | I24: - | J24: -
A25: Отпуск | B25: - | C25: - | D25: - | E25: - | F25: - | G25: - | H25: - | I25: - | J25: -
A27: 1Л ТП
A28: Смена | B28: Будние дни | C28: Выходные дни | D28: 45691 | E28: 45692 | F28: 45693 | G28: 45694 | H28: 45695 | I28: 45696 | J28: 45697
A29: Новый сотрудник | B29: 08:00 - 17:00 | C29: - | D29: Пенкин Максим | E29: Пенкин Максим | F29: Пенкин Максим | G29: Пенкин Максим | H29: Пенкин Максим
A30: Дежурство по офису | B30: 08:00 - 17:00 | C30: - | D30: Короткевич Артем | E30: Короткевич Артем | F30: Короткевич Артем | G30: Короткевич Артем | H30: Короткевич Артем
A31: Утреннее дежурство и Выходное дежурство | B31: 08:00 - 17:00 | C31: 09:00 - 21:00 | D31: Грынык Кирилл | E31: Грынык Кирилл | I31: Грынык Кирилл | J31: Грынык Кирилл
A32: Утреннее дежурство | B32: 08:00 - 17:00 | C32: - | F32: Пантюх Александр | G32: Пантюх Александр | H32: Пантюх Александр
A33: Вечернее дежурство | B33: 13:00 - 21:00 | C33: - | D33: Батуров Вячеслав | E33: Батуров Вячеслав | F33: Батуров Вячеслав | G33: Батуров Вячеслав | H33: Батуров Вячеслав
A34: Решение инцидентов/запросов | B34: 09:00 - 18:00 | C34: - | D34: - | E34: - | F34: - | G34: - | H34: -
A35: Управление ИТ-услугами | B35: 09:00 - 18:00 | C35: - | D35: Рыбаков Максим | E35: Рыбаков Максим | F35: Рыбаков Максим | G35: Рыбаков Максим | H35: Рыбаков Максим
A36: Ночное дежурство | B36: 21:00 - 09:00 | C36: 21:00 - 09:00 | D36: Громов Лев | E36: Громов Лев | I36: Громов Лев | J36: Громов Лев
A37: Ночное дежурство | B37: 21:00 - 09:00 | C37: - | F37: Зырянов Даниил | G37: Зырянов Даниил | H37: Зырянов Даниил
A38: Руководитель первой линии | B38: 09:00 - 18:00 | C38: - | D38: Баженов Артем | E38: Баженов Артем | F38: Баженов Артем | G38: Баженов Артем | H38: Баженов Артем
A39: Отпуск | B39: - | C39: - | D39: - | E39: - | F39: - | G39: - | H39: - | I39: - | J39: -
A40: Отпуск | B40: - | C40: - | D40: - | E40: - | F40: - | G40: - | H40: - | I40: - | J40: -
A41: 2Л ТП
A42: Новый сотрудник | B42: 09:00 - 18:00 | C42: - | D42: - | E42: - | F42: - | G42: - | H42: -
A43: Вечернее дежурство | B43: 13:00 - 21:00 | C43: - | D43: Полунин Вадим | E43: Полунин Вадим | F43: Полунин Вадим | G43: Полунин Вадим | H43: Полунин Вадим
A44: Ночное дежурство | B44: 21:00 - 09:00 | C44: 21:00 - 09:00 | D44: Букреев Даниил | E44: Крутилев Владимир | F44: - | G44: - | H44: - | I44: Шаповалов Дмитрий | J44: Шаповалов Дмитрий
A45: Ночное дежурство | B45: 21:00 - 09:00 | C45: - | D45: - | E45: - | F45: Букреев Даниил | G45: Шаповалов Дмитрий | H45: Букреев Даниил | I45: - | J45: -
A46: Утреннее дежурство | B46: 08:00 - 17:00 | C46: 09:00 - 21:00 | D46: Комлев Владислав | E46: Комлев Владислав | F46: Комлев Владислав | G46: Комлев Владислав | H46: Комлев Владислав | I46: Крутилев Владимир | J46: Крутилев Владимир
A47: Утреннее дежурство | B47: 08:00 - 17:00 | C47: - | D47: - | E47: - | F47: - | G47: - | H47: -
A48: Администрирование сервисов | B48: 09:00 - 18:00 | C48: - | D48: Стальмаков Никита | E48: Стальмаков Никита | F48: Стальмаков Никита | G48: Стальмаков Никита | H48: Стальмаков Никита
A49: Руководитель второй линии | B49: 09:00 - 18:00 | C49: - | D49: Демин Владимир | E49: Демин Владимир | F49: Демин Владимир | G49: Демин Владимир | H49: Демин Владимир
A50: Отпуск | B50: - | C50: - | D50: Евсеев Илья | E50: Евсеев Илья | F50: Евсеев Илья | G50: Евсеев Илья | H50: Евсеев Илья | I50: - | J50: -
A51: Отпуск | B51: - | C51: - | D51: - | E51: - | F51: - | G51: - | H51: - | I51: - | J51: -
A53: 1Л ТП
A54: Смена | B54: Будние дни | C54: Выходные дни | D54: 45698 | E54: 45699 | F54: 45700 | G54: 45701 | H54: 45702 | I54: 45703 | J54: 45704
A55: Дежурство по офису | B55: 08:00 - 17:00 | C55: - | D55: Пенкин Максим | E55: Пенкин Максим | F55: Пенкин Максим | G55: Пенкин Максим | H55: Пенкин Максим
A56: Утреннее дежурство и Выходное дежурство | B56: 08:00 - 17:00 | C56: 09:00 - 21:00 | D56: Зырянов Даниил | E56: Зырянов Даниил | I56: Зырянов Даниил | J56: Зырянов Даниил
A57: Утреннее дежурство | B57: 08:00 - 17:00 | C57: - | F57: Грынык Кирилл | G57: Грынык Кирилл | H57: Грынык Кирилл
A58: Вечернее дежурство | B58: 13:00 - 21:00 | C58: - | D58: Батуров Вячеслав | E58: Батуров Вячеслав | F58: Батуров Вячеслав | G58: Батуров Вячеслав | H58: Батуров Вячеслав
A59: Решение инцидентов/запросов | B59: 09:00 - 18:00 | C59: - | D59: Короткевич Артем | E59: Короткевич Артем | F59: Короткевич Артем | G59: Короткевич Артем | H59: Короткевич Артем
A60: Управление ИТ-услугами | B60: 09:00 - 18:00 | C60: - | D60: Рыбаков Максим | E60: Рыбаков Максим | F60: Рыбаков Максим | G60: Рыбаков Максим | H60: Рыбаков Максим
A61: Ночное дежурство | B61: 21:00 - 09:00 | C61: 21:00 - 09:00 | D61: Пантюх Александр | E61: Пантюх Александр | I61: Пантюх Александр | J61: Пантюх Александр
A62: Ночное дежурство | B62: 21:00 - 09:00 | C62: - | F62: Громов Лев | G62: Громов Лев | H62: Громов Лев
A63: Руководитель первой линии | B63: 09:00 - 18:00 | C63: - | D63: Баженов Артем | E63: Баженов Артем | F63: Баженов Артем | G63: Баженов Артем | H63: Баженов Артем
A64: Отпуск | B64: - | C64: - | D64: - | E64: - | F64: - | G64: - | H64: - | I64: - | J64: -
A65: 2Л ТП
A66: Новый сотрудник | B66: 09:00 - 18:00 | C66: - | D66: - | E66: - | F66: - | G66: - | H66: -
A67: Вечернее дежурство | B67: 13:00 - 21:00 | C67: - | D67: Комлев Владислав | E67: Комлев Владислав | F67: Комлев Владислав | G67: Комлев Владислав | H67: Комлев Владислав
A68: Ночное дежурство | B68: 21:00 - 09:00 | C68: 21:00 - 09:00 | D68: Полунин Вадим | E68: Полунин Вадим | F68: - | G68: - | H68: - | I68: Полунин Вадим | J68: Полунин Вадим
A69: Ночное дежурство | B69: 21:00 - 09:00 | C69: - | D69: - | E69: - | F69: Крутилев Владимир | G69: Крутилев Владимир | H69: Крутилев Владимир | I69: - | J69: -
A70: Утреннее дежурство | B70: 08:00 - 17:00 | C70: 09:00 - 21:00 | D70: Букреев Даниил | E70: Букреев Даниил | F70: - | G70: - | H70: - | I70: Букреев Даниил | J70: Букреев Даниил
A71: Утреннее дежурство | B71: 08:00 - 17:00 | C71: - | D71: - | E71: - | F71: Шаповалов Дмитрий | G71: Шаповалов Дмитрий | H71: Шаповалов Дмитрий
A72: Администрирование сервисов | B72: 09:00 - 18:00 | C72: - | D72: Евсеев Илья | E72: Евсеев Илья | F72: Евсеев Илья | G72: Евсеев Илья | H72: Евсеев Илья
A73: Ведущий специалист 2Л | B73: 09:00 - 18:00 | C73: - | D73: Стальмаков Никита | E73: Стальмаков Никита | F73: Стальмаков Никита | G73: Стальмаков Никита | H73: Стальмаков Никита
A74: Руководитель 2Л | B74: 09:00 - 18:00 | C74: - | D74: Демин Владимир | E74: Демин Владимир | F74: Демин Владимир | G74: Демин Владимир | H74: Демин Владимир
A75: Отпуск | B75: - | C75: - | D75: - | E75: - | F75: - | G75: - | H75: - | I75: - | J75: -
A76: Отпуск | B76: - | C76: - | D76: - | E76: - | F76: - | G76: - | H76: - | I76: - | J76: -
A78: 1Л ТП
A79: Смена | B79: Будние дни | C79: Выходные дни | D79: 45705 | E79: 45706 | F79: 45707 | G79: 45708 | H79: 45709 | I79: 45710 | J79: 45711
A80: Дежурство по офису | B80: 08:00 - 17:00 | C80: - | D80: Пенкин Максим | E80: Пенкин Максим | F80: Пенкин Максим | G80: Пенкин Максим | H80: Пенкин Максим
A81: Утреннее дежурство и Выходное дежурство | B81: 08:00 - 17:00 | C81: 09:00 - 21:00 | D81: Громов Лев | E81: Громов Лев | F81: - | G81: - | H81: - | I81: Громов Лев | J81: Громов Лев
A82: Утреннее дежурство | B82: 08:00 - 17:00 | C82: - | D82: - | E82: - | F82: Зырянов Даниил | G82: Зырянов Даниил | H82: Зырянов Даниил
A83: Вечернее дежурство | B83: 13:00 - 21:00 | C83: - | D83: Рыбаков Максим | E83: Рыбаков Максим | F83: Рыбаков Максим | G83: Рыбаков Максим | H83: Рыбаков Максим
A84: Решение инцидентов/запросов | B84: 09:00 - 18:00 | C84: - | D84: - | E84: - | F84: - | G84: - | H84: -
A85: Управление ИТ-услугами | B85: 09:00 - 18:00 | C85: - | D85: Короткевич Артем | E85: Короткевич Артем | F85: Короткевич Артем | G85: Короткевич Артем | H85: Короткевич Артем
A86: Ночное дежурство | B86: 21:00 - 09:00 | C86: 21:00 - 09:00 | D86: Батуров Вячеслав | E86: Батуров Вячеслав | I86: Батуров Вячеслав | J86: Батуров Вячеслав
A87: Ночное дежурство | B87: 21:00 - 09:00 | C87: - | F87: Пантюх Александр | G87: Пантюх Александр | H87: Пантюх Александр
A88: Руководитель первой линии | B88: 09:00 - 18:00 | C88: - | D88: Баженов Артем | E88: Баженов Артем | F88: Баженов Артем | G88: Баженов Артем | H88: Баженов Артем
A89: Отпуск | B89: - | C89: - | D89: Грынык Кирилл | E89: Грынык Кирилл | F89: Грынык Кирилл | G89: Грынык Кирилл | H89: Грынык Кирилл | I89: Грынык Кирилл | J89: Грынык Кирилл
A90: 2Л ТП
A91: Новый сотрудник | B91: 09:00 - 18:00 | C91: - | D91: - | E91: - | F91: - | G91: - | H91: -
A92: Вечернее дежурство | B92: 13:00 - 21:00 | C92: - | D92: Комлев Владислав | E92: Комлев Владислав | F92: Комлев Владислав | G92: Комлев Владислав | H92: Комлев Владислав
A93: Ночное дежурство | B93: 21:00 - 09:00 | C93: 21:00 - 09:00 | D93: Шаповалов Дмитрий | E93: Шаповалов Дмитрий | F93: - | G93: - | H93: - | I93: Шаповалов Дмитрий | J93: Шаповалов Дмитрий
A94: Ночное дежурство | B94: 21:00 - 09:00 | C94: - | D94: - | E94: - | F94: Полунин Вадим | G94: Полунин Вадим | H94: Полунин Вадим | I94: - | J94: -
A95: Утреннее дежурство | B95: 08:00 - 17:00 | C95: 09:00 - 21:00 | D95: Крутилев Владимир | E95: Крутилев Владимир | F95: - | G95: - | H95: - | I95: Крутилев Владимир | J95: Крутилев Владимир
A96: Утреннее дежурство | B96: 08:00 - 17:00 | C96: - | D96: - | E96: - | F96: Букреев Даниил | G96: Букреев Даниил | H96: Букреев Даниил
A97: Администрирование сервисов | B97: 09:00 - 18:00 | C97: - | D97: Евсеев Илья | E97: Евсеев Илья | F97: Евсеев Илья | G97: Евсеев Илья | H97: Евсеев Илья
A98: Ведущий специалист 2Л | B98: 09:00 - 18:00 | C98: - | D98: Стальмаков Никита | E98: Стальмаков Никита | F98: Стальмаков Никита | G98: Стальмаков Никита | H98: Стальмаков Никита
A99: Руководитель второй линии | B99: 09:00 - 18:00 | C99: - | D99: Демин Владимир | E99: Демин Владимир | F99: Демин Владимир | G99: Демин Владимир | H99: Демин Владимир
A100: Отпуск | B100: - | C100: - | D100: - | E100: - | F100: - | G100: - | H100: - | I100: - | J100: -
A101: Отпуск | B101: - | C101: - | D101: - | E101: - | F101: - | G101: - | H101: - | I101: - | J101: -
A103: 1Л ТП
A104: Смена | B104: Будние дни | C104: Выходные дни | D104: 45712 | E104: 45713 | F104: 45714 | G104: 45715 | H104: 45716 | I104: 45717 | J104: 45718
A105: Дежурство по офису | B105: 08:00 - 17:00 | C105: - | D105: Пенкин Максим | E105: Пенкин Максим | F105: Пенкин Максим | G105: Пенкин Максим | H105: Пенкин Максим
...

Sheet Март 2025
A2: 1Л ТП
A3: Смена | B3: Будние дни | C3: Выходные дни | D3: 45712 | E3: 45713 | F3: 45714 | G3: 45715 | H3: 45716 | I3: 45717 | J3: 45718
A4: Дежурство по офису | B4: 08:00 - 17:00 | C4: - | D4: Пенкин Максим | E4: Пенкин Максим | F4: Пенкин Максим | G4: Пенкин Максим | H4: Пенкин Максим
A5: Утреннее дежурство и Выходное дежурство | B5: 08:00 - 17:00 | C5: 09:00 - 21:00 | D5: Пантюх Александр | E5: Пантюх Александр | F5: - | G5: - | H5: - | I5: Пантюх Александр | J5: Пантюх Александр
A6: Утреннее дежурство | B6: 08:00 - 17:00 | C6: - | D6: - | E6: - | F6: Зырянов Даниил | G6: Зырянов Даниил | H6: Зырянов Даниил
A7: Вечернее дежурство | B7: 13:00 - 21:00 | C7: - | D7: Рыбаков Максим | E7: Рыбаков Максим | F7: Рыбаков Максим | G7: Рыбаков Максим | H7: Рыбаков Максим
A8: Решение инцидентов/запросов | B8: 09:00 - 18:00 | C8: - | D8: Зырянов Даниил | E8: Зырянов Даниил | F8: - | G8: - | H8: -
A9: Управление ИТ-услугами | B9: 09:00 - 18:00 | C9: - | D9: Короткевич Артем | E9: Короткевич Артем | F9: Короткевич Артем | G9: Короткевич Артем | H9: Короткевич Артем
A10: Ночное дежурство | B10: 21:00 - 09:00 | C10: 21:00 - 09:00 | D10: Грынык Кирилл | E10: Грынык Кирилл | I10: Грынык Кирилл | J10: Грынык Кирилл
A11: Ночное дежурство | B11: 21:00 - 09:00 | C11: - | F11: Батуров Вячеслав | G11: Батуров Вячеслав | H11: Батуров Вячеслав
A12: Руководитель первой линии | B12: 09:00 - 18:00 | C12: - | D12: Баженов Артем | E12: Баженов Артем | F12: Баженов Артем | G12: Баженов Артем | H12: Баженов Артем
A13: Отпуск | B13: - | C13: - | D13: Громов Лев | E13: Громов Лев | F13: Громов Лев | G13: Громов Лев | H13: Громов Лев | I13: Громов Лев | J13: Громов Лев
A14: 2Л ТП
A15: Новый сотрудник | B15: 09:00 - 18:00 | C15: - | D15: - | E15: - | F15: - | G15: - | H15: -
A16: Вечернее дежурство | B16: 13:00 - 21:00 | C16: - | D16: Букреев Даниил | E16: Букреев Даниил | F16: Букреев Даниил | G16: Букреев Даниил | H16: Букреев Даниил | I16: - | J16: -
A17: Ночное дежурство | B17: 21:00 - 09:00 | C17: 21:00 - 09:00 | D17: Комлев Владислав | E17: Комлев Владислав | F17: - | G17: - | H17: - | I17: Комлев Владислав | J17: Комлев Владислав
A18: Ночное дежурство | B18: 21:00 - 09:00 | C18: - | D18: - | E18: - | F18: Шаповалов Дмитрий | G18: Шаповалов Дмитрий | H18: Шаповалов Дмитрий | I18: - | J18: -
A19: Утреннее дежурство | B19: 08:00 - 17:00 | C19: 09:00 - 21:00 | D19: Полунин Вадим | E19: Полунин Вадим | F19: - | G19: - | H19: - | I19: Полунин Вадим | J19: Полунин Вадим
A20: Утреннее дежурство | B20: 08:00 - 17:00 | C20: - | D20: - | E20: - | F20: Крутилев Владимир | G20: Крутилев Владимир | H20: Крутилев Владимир | I20: - | J20: -
A21: Администрирование сервисов | B21: 09:00 - 18:00 | C21: - | D21: Евсеев Илья | E21: Евсеев Илья | F21: Евсеев Илья | G21: Евсеев Илья | H21: Евсеев Илья | I21: - | J21: -
A22: Ведущий специалист 2Л | B22: 09:00 - 18:00 | C22: - | D22: Стальмаков Никита | E22: Стальмаков Никита | F22: Стальмаков Никита | G22: Стальмаков Никита | H22: Стальмаков Никита | I22: - | J22: -
A23: Руководитель второй линии | B23: 09:00 - 18:00 | C23: - | D23: Демин Владимир | E23: Демин Владимир | F23: Демин Владимир | G23: Демин Владимир | H23: Демин Владимир | I23: - | J23: -
A24: Отпуск | B24: - | C24: - | D24: - | E24: - | F24: - | G24: - | H24: - | I24: - | J24: -
A25: Отпуск | B25: - | C25: - | D25: - | E25: - | F25: - | G25: - | H25: - | I25: - | J25: -
A28: Смена | B28: Будние дни | C28: Выходные дни | D28: 45719 | E28: 45720 | F28: 45721 | G28: 45722 | H28: 45723 | I28: 45724 | J28: 45725
A29: Дежурство по офису | B29: 08:00 - 17:00 | C29: - | D29: Папаев Павел | E29: Папаев Павел | F29: Папаев Павел | G29: Папаев Павел | H29: Папаев Павел | I29: - | J29: -
A30: Дежурство по офису | B30: 08:00 - 17:00 | C30: - | D30: Пенкин Максим | E30: Пенкин Максим | F30: Пенкин Максим | G30: Пенкин Максим | H30: Пенкин Максим | I30: - | J30: -
A31: Утреннее дежурство и Выходное дежурство | B31: 08:00 - 17:00 | C31: 09:00 - 21:00 | D31: Батуров Вячеслав | E31: Батуров Вячеслав | F31: - | G31: - | H31: - | I31: Батуров Вячеслав | J31: Батуров Вячеслав
A32: Утреннее дежурство | B32: 08:00 - 17:00 | C32: - | D32: - | E32: - | F32: Рыбаков Максим | G32: Рыбаков Максим | H32: Рыбаков Максим | I32: - | J32: -
A33: Вечернее дежурство | B33: 13:00 - 21:00 | C33: - | D33: Громов Лев | E33: Громов Лев | F33: Громов Лев | G33: Громов Лев | H33: Громов Лев | I33: - | J33: -
A34: Решение инцидентов/запросов | B34: 09:00 - 18:00 | C34: - | D34: - | E34: - | F34: - | G34: - | H34: - | I34: - | J34: -
A35: Управление ИТ-услугами | B35: 09:00 - 18:00 | C35: - | D35: Короткевич Артем | E35: Короткевич Артем | F35: Короткевич Артем | G35: Короткевич Артем | H35: Короткевич Артем | I35: - | J35: -
A36: Ночное дежурство | B36: 21:00 - 09:00 | C36: 21:00 - 09:00 | D36: Зырянов Даниил | E36: Зырянов Даниил | F36: - | G36: - | H36: Зырянов Даниил | I36: Зырянов Даниил | J36: Зырянов Даниил
A37: Ночное дежурство | B37: 21:00 - 09:00 | C37: - | D37: - | E37: - | F37: Грынык Кирилл | G37: Грынык Кирилл | H37: - | I37: - | J37: -
A38: Руководитель первой линии | B38: 09:00 - 18:00 | C38: - | D38: Баженов Артем | E38: Баженов Артем | F38: Баженов Артем | G38: Баженов Артем | H38: Баженов Артем | I38: - | J38: -
A39: Отпуск | B39: - | C39: - | D39: Пантюх Александр | E39: Пантюх Александр | F39: Пантюх Александр | G39: Пантюх Александр | H39: Пантюх Александр | I39: Пантюх Александр | J39: Пантюх Александр
A40: 2Л ТП
A41: Новый сотрудник | B41: 09:00 - 18:00 | C41: - | D41: - | E41: - | F41: - | G41: - | H41: -
A42: Вечернее дежурство | B42: 13:00 - 21:00 | C42: - | D42: Крутилев Владимир | E42: Крутилев Владимир | F42: Крутилев Владимир | G42: Крутилев Владимир | H42: Крутилев Владимир | I42: - | J42: -
A43: Ночное дежурство | B43: 21:00 - 09:00 | C43: 21:00 - 09:00 | D43: Букреев Даниил | E43: Букреев Даниил | I43: Букреев Даниил | J43: Букреев Даниил
A44: Ночное дежурство | B44: 21:00 - 09:00 | C44: - | F44: Комлев Владислав | G44: Комлев Владислав | H44: Комлев Владислав | I44: - | J44: -
A45: Утреннее дежурство | B45: 08:00 - 17:00 | C45: 09:00 - 21:00 | D45: Шаповалов Дмитрий | E45: Шаповалов Дмитрий | F45: - | G45: - | H45: - | I45: Шаповалов Дмитрий | J45: Шаповалов Дмитрий
A46: Утреннее дежурство | B46: 08:00 - 17:00 | C46: - | D46: - | E46: - | F46: Полунин Вадим | G46: Полунин Вадим | H46: Полунин Вадим | I46: - | J46: -
A47: Администрирование сервисов | B47: 09:00 - 18:00 | C47: - | D47: Евсеев Илья | E47: Евсеев Илья | F47: Евсеев Илья | G47: Евсеев Илья | H47: Евсеев Илья | I47: - | J47: -
A48: Ведущий специалист 2Л | B48: 09:00 - 18:00 | C48: - | D48: Стальмаков Никита | E48: Стальмаков Никита | F48: Стальмаков Никита | G48: Стальмаков Никита | H48: Стальмаков Никита | I48: - | J48: -
A49: Руководитель второй линии | B49: 09:00 - 18:00 | C49: - | D49: Демин Владимир | E49: Демин Владимир | F49: Демин Владимир | G49: Демин Владимир | H49: Демин Владимир | I49: - | J49: -
A50: Отпуск | B50: - | C50: - | D50: - | E50: - | F50: - | G50: - | H50: - | I50: - | J50: -
A51: Отпуск | B51: - | C51: - | D51: - | E51: - | F51: - | G51: - | H51: - | I51: - | J51: -
A53: 1Л ТП + 2Л ТП
A54: Смена | B54: Будние дни | C54: Выходные дни | D54: 45726 | E54: 45727 | F54: 45728 | G54: 45729 | H54: 45730 | I54: 45731 | J54: 45732
A55: Дежурство по офису | B55: 08:00 - 17:00 | C55: - | D55: Папаев Павел | E55: Папаев Павел | F55: Папаев Павел | G55: Папаев Павел | H55: Папаев Павел | I55: - | J55: -
A56: Утренее дежурство | B56: 08:00 - 17:00 | C56: - | D56: Кобяков Кирилл | E56: Кобяков Кирилл | F56: Кобяков Кирилл | G56: Кобяков Кирилл | H56: Кобяков Кирилл | I56: - | J56: -
A57: Утренее дежурство | B57: 08:00 - 17:00 | C57: - | D57: Пенкин Максим | E57: Пенкин Максим | F57: Пенкин Максим | G57: Пенкин Максим | H57: Пенкин Максим | I57: - | J57: -
A58: Решение инцидентов и Выходное дежурство | B58: 09:00 - 18:00 | C58: 09:00 - 21:00 | F58: Батуров Вячеслав | G58: Батуров Вячеслав | H58: - | I58: Батуров Вячеслав | J58: Батуров Вячеслав
A59: Вечернее дежурство | B59: 13:00 - 21:00 | C59: - | D59: Пантюх Александр | E59: Пантюх Александр | F59: Пантюх Александр | G59: Пантюх Александр | H59: Пантюх Александр | I59: - | J59: -
A60: Решение инцидентов/запросов | B60: 08:00 - 17:00 | C60: - | D60: Громов Лев | E60: Громов Лев | F60: Громов Лев | G60: Громов Лев | H60: Громов Лев | I60: - | J60: -
A61: Управление ИТ-услугами | B61: 09:00 - 18:00 | C61: - | D61: Короткевич Артем | E61: Короткевич Артем | F61: Короткевич Артем | G61: Короткевич Артем | H61: Короткевич Артем | I61: - | J61: -
A62: Ночное дежурство | B62: 21:00 - 09:00 | C62: 21:00 - 09:00 | D62: Рыбаков Максим | E62: Рыбаков Максим | F62: - | G62: - | H62: - | I62: Рыбаков Максим | J62: Рыбаков Максим
A63: Ночное дежурство | B63: 21:00 - 09:00 | C63: - | D63: - | E63: - | F63: Зырянов Даниил | G63: Зырянов Даниил | H63: Зырянов Даниил | I63: - | J63: -
A64: Руководитель первой линии | B64: 09:00 - 18:00 | C64: - | D64: Баженов Артем | E64: Баженов Артем | F64: Баженов Артем | G64: Баженов Артем | H64: Баженов Артем | I64: - | J64: -
A65: Отпуск | B65: - | C65: -
A66: Группа сопровождения микросервисной архитектуры и цифровых продуктов
A67: Новый сотрудник | B67: 09:00 - 18:00 | C67: - | D67: - | E67: - | F67: - | G67: - | H67: -
A68: Вечернее дежурство | B68: 13:00 - 21:00 | C68: - | D68: Полунин Вадим | E68: Полунин Вадим | F68: Полунин Вадим | G68: Полунин Вадим | H68: Шаповалов Дмитрий | I68: - | J68: -
A69: Ночное дежурство | B69: 21:00 - 09:00 | C69: 21:00 - 09:00 | D69: Крутилев Владимир | E69: Крутилев Владимир | I69: Крутилев Владимир | J69: Крутилев Владимир
A70: Ночное дежурство | B70: 21:00 - 09:00 | C70: - | F70: Букреев Даниил | G70: Букреев Даниил | H70: Букреев Даниил | I70: - | J70: -
A71: Утреннее дежурство | B71: 08:00 - 17:00 | C71: 09:00 - 21:00 | D71: Комлев Владислав | E71: Комлев Владислав | F71: - | G71: - | H71: - | I71: Комлев Владислав | J71: Комлев Владислав
A72: Утреннее дежурство | B72: 08:00 - 17:00 | C72: - | D72: - | E72: - | F72: Шаповалов Дмитрий | G72: Шаповалов Дмитрий | H72: Полунин Вадим | I72: - | J72: -
A73: Администрирование сервисов | B73: 09:00 - 18:00 | C73: - | D73: Евсеев Илья | E73: Евсеев Илья | F73: Евсеев Илья | G73: Евсеев Илья | H73: Евсеев Илья | I73: - | J73: -
A74: Ведущий специалист 2Л | B74: 09:00 - 18:00 | C74: - | D74: Стальмаков Никита | E74: Стальмаков Никита | F74: Стальмаков Никита | G74: Стальмаков Никита | H74: Стальмаков Никита | I74: - | J74: -
A75: Руководитель второй линии | B75: 09:00 - 18:00 | C75: - | D75: Демин Владимир | E75: Демин Владимир | F75: Демин Владимир | G75: Демин Владимир | H75: Демин Владимир | I75: - | J75: -
A76: Отпуск | B76: - | C76: - | D76: - | E76: - | F76: - | G76: - | H76: - | I76: - | J76: -
A77: Отпуск | B77: - | C77: - | D77: - | E77: - | F77: - | G77: - | H77: - | I77: - | J77: -
A79: 1Л ТП + 2Л ТП
A80: Смена | B80: Будние дни | C80: Выходные дни | D80: 45733 | E80: 45734 | F80: 45735 | G80: 45736 | H80: 45737 | I80: 45738 | J80: 45739
A81: Дежурство по офису | B81: 08:00 - 17:00 | C81: - | D81: Папаев Павел | E81: Папаев Павел | F81: Папаев Павел | G81: Папаев Павел | H81: Папаев Павел | I81: - | J81: -
A82: Утренее дежурство | B82: 08:00 - 17:00 | C82: - | D82: Кобяков Кирилл | E82: Кобяков Кирилл | F82: Кобяков Кирилл | G82: Кобяков Кирилл | H82: Кобяков Кирилл | I82: - | J82: -
A83: Утренее дежурство | B83: 08:00 - 17:00 | C83: - | D83: Пенкин Максим | E83: Пенкин Максим | F83: Пенкин Максим | G83: Пенкин Максим | H83: Пенкин Максим | I83: - | J83: -
A84: Решение инцидентов и Выходное дежурство | B84: 08:00 - 17:00 | C84: 09:00 - 21:00 | D84: Зырянов Даниил | E84: Зырянов Даниил | F84: - | G84: - | H84: - | I84: Зырянов Даниил | J84: Зырянов Даниил
A85: Вечернее дежурство | B85: 13:00 - 21:00 | C85: - | D85: Громов Лев | E85: Громов Лев | F85: Громов Лев | G85: Громов Лев | H85: Громов Лев | I85: - | J85: -
A86: Управление ИТ-услугами | B86: 09:00 - 18:00 | C86: - | D86: Короткевич Артем | E86: Короткевич Артем | F86: Короткевич Артем | G86: Короткевич Артем | H86: Короткевич Артем | I86: - | J86: -
A87: Ночное дежурство | B87: 21:00 - 09:00 | C87: 21:00 - 09:00 | D87: Пантюх Александр | E87: Пантюх Александр | F87: - | G87: - | H87: - | I87: Пантюх Александр | J87: Пантюх Александр
A88: Ночное дежурство | B88: 21:00 - 09:00 | C88: - | D88: - | E88: - | F88: Рыбаков Максим | G88: Рыбаков Максим | H88: Рыбаков Максим | I88: - | J88: -
A89: Руководитель первой линии | B89: 09:00 - 18:00 | C89: - | D89: Баженов Артем | E89: Баженов Артем | F89: Баженов Артем | G89: Баженов Артем | H89: Баженов Артем | I89: - | J89: -
A90: Отпуск | B90: - | C90: - | D90: Батуров Вячеслав | E90: Батуров Вячеслав | F90: Батуров Вячеслав | G90: Батуров Вячеслав | H90: Батуров Вячеслав | I90: Батуров Вячеслав | J90: Батуров Вячеслав
A91: Группа сопровождения микросервисной архитектуры и цифровых продуктов
A92: Новый сотрудник | B92: 09:00 - 18:00 | C92: - | D92: - | E92: - | F92: - | G92: - | H92: -
A93: Вечернее дежурство | B93: 13:00 - 21:00 | C93: - | D93: Шаповалов Дмитрий | E93: Шаповалов Дмитрий | F93: Шаповалов Дмитрий | G93: Шаповалов Дмитрий | H93: Шаповалов Дмитрий | I93: - | J93: -
A94: Ночное дежурство | B94: 21:00 - 09:00 | C94: 21:00 - 09:00 | D94: Полунин Вадим | E94: Полунин Вадим | I94: Полунин Вадим | J94: Полунин Вдаим
A95: Ночное дежурство | B95: 21:00 - 09:00 | C95: - | F95: Крутилев Владимир | G95: Крутилев Владимир | H95: Крутилев Владимир | I95: - | J95: -
A96: Утреннее дежурство | B96: 08:00 - 17:00 | C96: 09:00 - 21:00 | D96: Букреев Даниил | E96: Букреев Даниил | F96: - | G96: - | H96: - | I96: Букреев Даниил | J96: Букреев Даниил
A97: Утреннее дежурство | B97: 08:00 - 17:00 | C97: - | D97: - | E97: - | F97: Комлев Владислав | G97: Комлев Владислав | H97: Комлев Владислав | I97: - | J97: -
A98: Администрирование сервисов | B98: 09:00 - 18:00 | C98: - | D98: Евсеев Илья | E98: Евсеев Илья | F98: Евсеев Илья | G98: Евсеев Илья | H98: Евсеев Илья | I98: - | J98: -
A99: Ведущий специалист 2Л | B99: 09:00 - 18:00 | C99: - | D99: Стальмаков Никита | E99: Стальмаков Никита | F99: Стальмаков Никита | G99: Стальмаков Никита | H99: Стальмаков Никита | I99: - | J99: -
A100: Руководитель второй линии | B100: 09:00 - 18:00 | C100: - | D100: Демин Владимир | E100: Демин Владимир | F100: Демин Владимир | G100: Демин Владимир | H100: Демин Владимир | I100: - | J100: -
A101: Отпуск | B101: - | C101: - | D101: - | E101: - | F101: - | G101: - | H101: - | I101: - | J101: -
A102: Отпуск | B102: - | C102: - | D102: - | E102: - | F102: - | G102: - | H102: - | I102: - | J102: -
A104: 1Л ТП + 2Л ТП
A105: Смена | B105: Будние дни | C105: Выходные дни | D105: 45740 | E105: 45741 | F105: 45742 | G105: 45743 | H105: 45744 | I105: 45745 | J105: 45746
A106: Дежурство по офису | B106: 08:00 - 17:00 | C106: - | D106: Папев Павел | E106: Папев Павел | F106: Папев Павел | G106: Папев Павел | H106: Папев Павел
...

Sheet Апрель 2025
A2: 1Л ТП + 2Л ТП
A3: Смена | B3: Будние дни | C3: Выходные дни | D3: 45747 | E3: 45748 | F3: 45749 | G3: 45750 | H3: 45751 | I3: 45752 | J3: 45753
A4: Дежурство по офису | B4: 08:00 - 17:00 | C4: - | D4: Короткевич Артем | E4: Короткевич Артем | F4: Короткевич Артем | G4: Короткевич Артем | H4: Короткевич Артем
A5: Утренее дежурство | B5: 08:00 - 17:00 | C5: - | D5: Пенкин Максим | E5: Пенкин Максим | F5: Пенкин Максим | G5: Пенкин Максим | H5: Пенкин Максим(вечернее дежурство)
A6: Утренее дежурство | B6: 08:00 - 17:00 | C6: - | D6: Папев Павел | E6: Папев Павел | F6: Папев Павел | G6: Папев Павел | H6: Папев Павел
A7: Вечернее дежурство | B7: 13:00 - 21:00 | C7: - | D7: Кобяков Кирилл | E7: Кобяков Кирилл | F7: Кобяков Кирилл | G7: Кобяков Кирилл(отгул) | H7: Кобяков Кирилл(устренее дежурство)
A8: Ночное дежурство | B8: 21:00 - 09:00 | C8: 21:00 - 09:00 | D8: Батуров Вячеслав | E8: Батуров Вячеслав | I8: Батуров Вячеслав | J8: Батуров Вячеслав
A9: Ночное дежурство | B9: 21:00 - 09:00 | C9: - | F9: Громов Лев | G9: Громов Лев | H9: Громов Лев
A10: Решение инцидентов и Выходное дежурство | B10: 13:00 - 21:00 | C10: 09:00 - 21:00 | D10: Пантюх Александр | E10: Пантюх Александр | I10: Пантюх Александр | J10: Пантюх Александр
A11: Решение инцидентов | B11: 13:00 - 21:00 | F11: Рыбаков Максим | G11: Рыбаков Максим(Вечернее дежурство) | H11: Рыбаков Максим
A12: Управление ИТ-услугами | B12: 09:00 - 18:00 | C12: - | D12: Зырянов Даниил | E12: Зырянов Даниил | F12: Зырянов Даниил | G12: Зырянов Даниил | H12: Зырянов Даниил
A13: Разбор претензий | B13: 09:00 - 18:00 | D13: Вавилова Анна | E13: Вавилова Анна | F13: Вавилова Анна | G13: Вавилова Анна | H13: Вавилова Анна
A14: Разбор претензий | B14: 09:00 - 18:00 | D14: - | E14: - | F14: - | G14: - | H14: -
A15: Руководитель второй линии | B15: 09:00 - 18:00 | C15: - | D15: Баженов Артем | E15: Баженов Артем | F15: Баженов Артем | G15: Баженов Артем | H15: Баженов Артем
A16: Отпуск | B16: - | C16: - | D16: - | E16: - | F16: - | G16: - | H16: - | I16: - | J16: -
A17: Группа сопровождения микросервисной архитектуры и цифровых продуктов
A18: Новый сотрудник | B18: 09:00 - 18:00 | C18: - | D18: - | E18: - | F18: - | G18: - | H18: -
A19: Дневное дежурство (Основа) | B19: 09:00 - 21:00 | C19: - | D19: Полунин Вадим | E19: Полунин Вадим | F19: - | G19: - | H19: - | I19: Полунин Вадим | J19: Полунин Вадим
D20: - | E20: - | F20: Комлев Владислав | G20: Комлев Владислав | H20: Комлев Владислав | I20: - | J20: -
A21: Ночное дежурство | B21: 21:00 - 09:00 | C21: - | D21: Букреев Даниил | E21: Букреев Даниил | F21: - | G21: - | H21: - | I21: Букреев Даниил | J21: Букреев Даниил
D22: - | E22: - | F22: Шаповалов Дмитрий | G22: Шаповалов Дмитрий | H22: Шаповалов Дмитрий | I22: - | J22: -
A23: Дневное дежурство (Резерв) | B23: 09:00 - 18:00 | C23: - | D23: Евсеев Илья | E23: Евсеев Илья | F23: Евсеев Илья | G23: Евсеев Илья | H23: Евсеев Илья | I23: - | J23: -
A24: Администрирование сервисов | B24: 09:00 - 18:00 | C24: - | D24: Крутилев Владимир | E24: Крутилев Владимир | F24: Крутилев Владимир | G24: Крутилев Владимир | H24: Крутилев Владимир | I24: - | J24: -
A25: Ведущий специалист ГСМАиЦП | B25: 09:00 - 18:00 | C25: - | D25: Стальмаков Никита | E25: Стальмаков Никита | F25: Стальмаков Никита | G25: Стальмаков Никита | H25: Стальмаков Никита | I25: - | J25: -
A26: Руководитель ГСМАиЦП | B26: 09:00 - 18:00 | C26: - | D26: Демин Владимир | E26: Демин Владимир | F26: Демин Владимир | G26: Демин Владимир | H26: Демин Владимир | I26: - | J26: -
A27: Отпуск | B27: - | C27: - | D27: - | E27: - | F27: - | G27: - | H27: - | I27: - | J27: -
A28: Отпуск | B28: - | C28: - | D28: - | E28: - | F28: - | G28: - | H28: - | I28: - | J28: -
A30: 1Л ТП + 2Л ТП
A31: Смена | B31: Будние дни | C31: Выходные дни | D31: 45754 | E31: 45755 | F31: 45756 | G31: 45757 | H31: 45758 | I31: 45759 | J31: 45760
A32: Дежурство по офису | B32: 08:00 - 17:00 | C32: - | D32: Короткевич Артем | E32: Короткевич Артем | F32: Короткевич Артем | G32: Короткевич Артем | H32: Короткевич Артем
A33: Утренее дежурство | B33: 08:00 - 17:00 | C33: - | D33: Папев Павел | E33: Папев Павел | F33: Папев Павел | G33: Папев Павел | H33: Папев Павел
A34: Вечернее дежурство | B34: 13:00 - 21:00 | C34: - | D34: Кобяков Кирилл | E34: Кобяков Кирилл | F34: Кобяков Кирилл | G34: Кобяков Кирилл | H34: Кобяков Кирилл
A35: Ночное дежурство | B35: 21:00 - 09:00 | C35: 21:00 - 09:00 | D35: Пенкин Максим | E35: Пенкин Максим | I35: Пенкин Максим | J35: Пенкин Максим
A36: Ночное дежурство | B36: 21:00 - 09:00 | C36: 21:00 - 09:00 | D36: Зырянов Даниил | E36: Зырянов Даниил | I36: Зырянов Даниил | J36: Зырянов Даниил | K36: Обучает Пенкина Максима
A37: Ночное дежурство | B37: 21:00 - 09:00 | C37: - | F37: Батуров Вячеслав | G37: Батуров Вячеслав | H37: Батуров Вячеслав
A38: Решение инцидентов и Выходное дежурство | B38: 13:00 - 21:00 | C38: 09:00 - 21:00 | D38: Громов Лев | E38: Громов Лев | I38: Громов Лев | J38: Громов Лев | K38: Обучает Кобякова Кирилла\Папаева Павла
A39: Решение инцидентов | B39: 13:00 - 21:00 | F39: Пантюх Александр | G39: Пантюх Александр | H39: Пантюх Александр | K39: Помогает обучать Кобякова Кирилла\Папаева Павла
A40: Управление ИТ-услугами | B40: 09:00 - 18:00 | C40: - | D40: Рыбаков Максим | E40: Рыбаков Максим | F40: Рыбаков Максим | G40: Рыбаков Максим | H40: Рыбаков Максим | K40: Обучает Кобякова Кирилла\Папаева Павла
A41: Разбор претензий | B41: 09:00 - 18:00 | D41: Вавилова Анна | E41: Вавилова Анна | F41: Вавилова Анна | G41: Вавилова Анна | H41: Вавилова Анна
A42: Разбор претензий | B42: 09:00 - 18:00 | D42: - | E42: - | F42: - | G42: - | H42: -
A43: Руководитель второй линии | B43: 09:00 - 18:00 | C43: - | D43: Баженов Артем | E43: Баженов Артем | F43: Баженов Артем | G43: Баженов Артем | H43: Баженов Артем
A44: Отпуск | B44: - | C44: - | D44: - | E44: - | F44: - | G44: - | H44: - | I44: - | J44: -
A45: Группа сопровождения микросервисной архитектуры и цифровых продуктов
A46: Новый сотрудник | B46: 09:00 - 18:00 | C46: - | D46: - | E46: - | F46: - | G46: - | H46: -
A47: Дневное дежурство (Основа) | B47: 09:00 - 21:00 | C47: - | D47: Крутилев Владимир | E47: Крутилев Владимир | F47: - | G47: - | H47: - | I47: Крутилев Владимир | J47: Крутилев Владимир
D48: - | E48: - | F48: Полунин Вадим | G48: Полунин Вадим | H48: Полунин Вадим | I48: - | J48: -
A49: Ночное дежурство | B49: 21:00 - 09:00 | C49: - | D49: Евсеев Илья | E49: Евсеев Илья | F49: - | G49: - | H49: - | I49: Евсеев Илья | J49: Евсеев Илья
D50: - | E50: - | F50: Комлев Владислав | G50: Комлев Владислав | H50: Комлев Владислав | I50: - | J50: -
A51: Дневное дежурство (Резерв) | B51: 09:00 - 18:00 | C51: - | D51: Шаповалов Дмитрий | E51: Шаповалов Дмитрий | F51: Шаповалов Дмитрий | G51: Шаповалов Дмитрий | H51: Шаповалов Дмитрий | I51: - | J51: -
A52: Администрирование сервисов | B52: 09:00 - 18:00 | C52: - | D52: - | E52: - | F52: Букреев Даниил | G52: Букреев Даниил | H52: Букреев Даниил | I52: - | J52: -
A53: Ведущий специалист ГСМАиЦП | B53: 09:00 - 18:00 | C53: - | D53: Стальмаков Никита | E53: Стальмаков Никита | F53: Стальмаков Никита | G53: Стальмаков Никита | H53: Стальмаков Никита | I53: - | J53: -
A54: Руководитель ГСМАиЦП | B54: 09:00 - 18:00 | C54: - | D54: Демин Владимир | E54: Демин Владимир | F54: Демин Владимир | G54: Демин Владимир | H54: Демин Владимир | I54: - | J54: -
A55: Отпуск | B55: - | C55: - | D55: - | E55: - | F55: - | G55: - | H55: - | I55: - | J55: -
A56: Отпуск | B56: - | C56: - | D56: - | E56: - | F56: - | G56: - | H56: - | I56: - | J56: -
A58: 1Л ТП + 2Л ТП
A59: Смена | B59: Будние дни | C59: Выходные дни | D59: 45761 | E59: 45762 | F59: 45763 | G59: 45764 | H59: 45765 | I59: 45766 | J59: 45767
A60: Дежурство по офису | B60: 08:00 - 17:00 | C60: - | D60: Короткевич Артем | E60: Короткевич Артем | F60: Короткевич Артем | G60: Короткевич Артем | H60: Короткевич Артем
A61: Утренее дежурство | B61: 08:00 - 17:00 | C61: - | D61: Володин Алексей | E61: Володин Алексей | F61: Володин Алексей | G61: Володин Алексей | H61: Володин Алексей
A62: Утренее дежурство | B62: 08:00 - 17:00 | C62: - | D62: Кобяков Кирилл | E62: Кобяков Кирилл | F62: Кобяков Кирилл | G62: Кобяков Кирилл | H62: Кобяков Кирилл
A63: Вечернее дежурство | B63: 13:00 - 21:00 | C63: - | D63: Папев Павел | E63: Папев Павел | F63: Папев Павел | G63: Папев Павел | H63: Папев Павел
A64: Ночное дежурство | B64: 21:00 - 09:00 | C64: 21:00 - 09:00 | D64: Пантюх Александр | E64: Пантюх Александр | I64: Пантюх Александр | J64: Пантюх Александр
A65: Ночное дежурство | B65: 21:00 - 09:00 | C65: - | F65: Пенкин Максим | G65: Пенкин Максим | H65: Пенкин Максим
A66: Ночное дежурство | B66: 21:00 - 09:00 | C66: - | F66: Зырянов Даниил | G66: Зырянов Даниил | H66: Зырянов Даниил | K66: Обучает Пенкина Максима
A67: Решение инцидентов и Выходное дежурство | B67: 13:00 - 21:00 | C67: 09:00 - 21:00 | D67: Батуров Вячеслав | E67: Батуров Вячеслав | I67: Батуров Вячеслав | J67: Батуров Вячеслав | K67: Помогает обучать Кобякова Кирилла\Папаева Павла\Нового сотрудника
A68: Решение инцидентов | B68: 13:00 - 21:00 | F68: Громов Лев | G68: Громов Лев | H68: Громов Лев | K68: Помогает обучать Кобякова Кирилла\Папаева Павла\Нового сотрудника
A69: Управление ИТ-услугами | B69: 09:00 - 18:00 | C69: - | D69: Рыбаков Максим | E69: Рыбаков Максим | F69: Рыбаков Максим | G69: Рыбаков Максим | H69: Рыбаков Максим | K69: Обучает Кобякова Кирилла\Папаева Павла\Нового сотрудника
A70: Разбор претензий | B70: 09:00 - 18:00 | D70: Вавилова Анна | E70: Вавилова Анна | F70: Вавилова Анна | G70: Вавилова Анна | H70: Вавилова Анна
A71: Разбор претензий | B71: 09:00 - 18:00 | D71: - | E71: - | F71: - | G71: - | H71: -
A72: Руководитель второй линии | B72: 09:00 - 18:00 | C72: - | D72: Баженов Артем | E72: Баженов Артем | F72: Баженов Артем | G72: Баженов Артем | H72: Баженов Артем
A73: Отпуск | B73: - | C73: - | D73: - | E73: - | F73: - | G73: - | H73: - | I73: - | J73: -
A74: Группа сопровождения микросервисной архитектуры и цифровых продуктов
A75: Новый сотрудник | B75: 09:00 - 18:00 | C75: - | D75: - | E75: - | F75: - | G75: - | H75: -
A76: Дневное дежурство (Основа) | B76: 09:00 - 21:00 | C76: - | D76: Комлев Владислав | E76: Комлев Владислав | F76: - | G76: - | H76: - | I76: Комлев Владислав | J76: Комлев Владислав
D77: - | E77: - | F77: Крутилев Владимир | G77: Крутилев Владимир | H77: Крутилев Владимир | I77: - | J77: -
A78: Ночное дежурство | B78: 21:00 - 09:00 | C78: - | D78: Шаповалов Дмитрий | E78: Шаповалов Дмитрий | F78: - | G78: - | H78: - | I78: Шаповалов Дмитрий | J78: Шаповалов Дмитрий
D79: - | E79: - | F79: Евсеев Илья | G79: Евсеев Илья | H79: Евсеев Илья | I79: - | J79: -
A80: Дневное дежурство (Резерв) | B80: 09:00 - 18:00 | C80: - | D80: Полунин Вадим | E80: Полунин Вадим | F80: Полунин Вадим | G80: Полунин Вадим | H80: Полунин Вадим | I80: - | J80: -
A81: Администрирование сервисов | B81: 09:00 - 18:00 | C81: - | D81: Букреев Даниил | E81: Букреев Даниил | F81: Букреев Даниил | G81: Букреев Даниил | H81: Букреев Даниил | I81: - | J81: -
A82: Ведущий специалист ГСМАиЦП | B82: 09:00 - 18:00 | C82: - | D82: Стальмаков Никита | E82: Стальмаков Никита | F82: Стальмаков Никита | G82: Стальмаков Никита | H82: Стальмаков Никита | I82: - | J82: -
A83: Руководитель ГСМАиЦП | B83: 09:00 - 18:00 | C83: - | D83: Демин Владимир | E83: Демин Владимир | F83: Демин Владимир | G83: Демин Владимир | H83: Демин Владимир | I83: - | J83: -
A84: Отпуск | B84: - | C84: - | D84: - | E84: - | F84: - | G84: - | H84: - | I84: - | J84: -
A85: Отпуск | B85: - | C85: - | D85: - | E85: - | F85: - | G85: - | H85: - | I85: - | J85: -
A87: 1Л ТП + 2Л ТП
A88: Смена | B88: Будние дни | C88: Выходные дни | D88: 45768 | E88: 45769 | F88: 45770 | G88: 45771 | H88: 45772 | I88: 45773 | J88: 45774
A89: Дежурство по офису | B89: 08:00 - 17:00 | C89: - | D89: Короткевич Артем | E89: Короткевич Артем | F89: Короткевич Артем | G89: Короткевич Артем | H89: Короткевич Артем
A90: Утренее дежурство | B90: 08:00 - 17:00 | C90: - | D90: Володин Алексей | E90: Володин Алексей | F90: Володин Алексей | G90: Володин Алексей | H90: Володин Алексей
A91: Вечернее дежурство | B91: 13:00 - 21:00 | C91: - | D91: Папев Павел | E91: Папев Павел | F91: Папев Павел | G91: Папев Павел | H91: Папев Павел
A92: Ночное дежурство | B92: 21:00 - 09:00 | C92: 21:00 - 09:00 | D92: Кобяков Кирилл | E92: Кобяков Кирилл | I92: Кобяков Кирилл | J92: Кобяков Кирилл
A93: Ночное дежурство | B93: 21:00 - 09:00 | C93: 21:00 - 09:00 | D93: Громов Лев | E93: Громов Лев | I93: Громов Лев | J93: Громов Лев | K93: Обучает Кобякова Кирилла
A94: Ночное дежурство | B94: 21:00 - 09:00 | C94: - | F94: Пантюх Александр | G94: Пантюх Александр | H94: Пантюх Александр
A95: Разбор претензий и Выходное дежурство | B95: 09:00 - 18:00 | C95: 09:00 - 21:00 | D95: Пенкин Максим | E95: Пенкин Максим | I95: Пенкин Максим | J95: Пенкин Максим | K95: плюс Innovation + Звонки 7777 + воркли
A96: Решение инцидентов и Выходное дежурство | B96: 13:00 - 21:00 | C96: 09:00 - 21:00 | D96: - | E96: - | F96: - | G96: - | H96: - | I96: Зырянов Даниил | J96: Зырянов Даниил | K96: Обучает Пенкина Максима "Выходному дежурству"
A97: Управление ИТ-услугами | B97: 09:00 - 18:00 | C97: - | D97: Зырянов Даниил | E97: Зырянов Даниил | F97: Батуров Вячеслав | G97: Батуров Вячеслав | H97: Батуров Вячеслав | K97: Помогает обучать Папаева Павла\Нового сотрудника
A98: Разбор претензий | B98: 09:00 - 18:00 | D98: Вавилова Анна | E98: Вавилова Анна | F98: Вавилова Анна | G98: Вавилова Анна | H98: Вавилова Анна | K98: Обучает Пенкина Максима "Разбору претензий"
A99: Разбор претензий | B99: 09:00 - 18:00 | D99: - | E99: - | F99: - | G99: - | H99: -
A100: Руководитель второй линии | B100: 09:00 - 18:00 | C100: - | D100: Баженов Артем | E100: Баженов Артем | F100: Баженов Артем | G100: Баженов Артем | H100: Баженов Артем
A101: Отпуск | B101: - | C101: - | D101: Рыбаков Максим | E101: Рыбаков Максим | F101: Рыбаков Максим | G101: Рыбаков Максим | H101: Рыбаков Максим | I101: Рыбаков Максим | J101: Рыбаков Максим
A102: Группа сопровождения микросервисной архитектуры и цифровых продуктов
A103: Новый сотрудник | B103: 09:00 - 18:00 | C103: - | D103: - | E103: - | F103: - | G103: - | H103: -
A104: Дневное дежурство (Основа) | B104: 09:00 - 21:00 | C104: - | D104: Евсеев Илья | E104: Евсеев Илья | F104: - | G104: - | H104: - | I104: Евсеев Илья | J104: Евсеев Илья
...

Sheet Май 2025
B1: 1Л ТП + 2Л ТП
B2: Смена | C2: Будние дни | D2: Выходные дни | E2: 45775 | F2: 45776 | G2: 45777 | H2: 45778 | I2: 45779 | J2: 45780 | K2: 45781
B3: Дежурство по офису | C3: 08:00 - 17:00 | D3: - | E3: Короткевич Артем | F3: Короткевич Артем | G3: Короткевич Артем | H3: - | I3: - | J3: - | K3: -
B4: Утренее дежурство | C4: 08:00 - 17:00 | D4: - | E4: Володин Алексей | F4: Володин Алексей | G4: Володин Алексей | H4: - | I4: - | J4: - | K4: -
B5: Вечернее дежурство | C5: 13:00 - 21:00 | D5: - | E5: Папаев Павел | F5: Папаев Павел | G5: Папаев Павел | H5: - | I5: - | J5: - | K5: -
B6: Ночное дежурство | C6: 21:00 - 09:00 | D6: 21:00 - 09:00 | E6: Батуров Вячеслав | F6: Батуров Вячеслав | G6: - | H6: - | I6: - | J6: Батуров Вячеслав | K6: Батуров Вячеслав
B7: Ночное дежурство | C7: 21:00 - 09:00 | D7: 21:00 - 09:00 | E7: - | F7: - | G7: Кобяков Кирилл | H7: Кобяков Кирилл | I7: Кобяков Кирилл | J7: - | K7: -
B8: Ночное дежурство | C8: 21:00 - 09:00 | D8: - | E8: - | F8: - | G8: Громов Лев | H8: Громов Лев | I8: Громов Лев | J8: - | K8: -
B9: Решение инцидентов и Выходное дежурство | C9: 09:00 - 18:00 | D9: 09:00 - 21:00 | E9: - | F9: - | G9: - | H9: - | I9: - | J9: Пантюх Александр | K9: Пантюх Александр
B10: Утренее дежурство и Выходное дежурство | C10: 08:00 - 17:00 | D10: 09:00 - 21:00 | E10: - | F10: - | G10: Пенкин Максим | H10: Пенкин Максим | I10: Пенкин Максим | J10: - | K10: -
B11: Управление ИТ-услугами | C11: 09:00 - 18:00 | D11: - | E11: Пантюх Александр | F11: Пантюх Александр | G11: Зырянов Даниил | H11: Зырянов Даниил | I11: Зырянов Даниил | J11: - | K11: -
B12: Разбор претензий | C12: 09:00 - 18:00 | D12: - | E12: Вавилова Анна | F12: Вавилова Анна | G12: Вавилова Анна | H12: - | I12: - | J12: - | K12: -
B13: Разбор претензий | C13: 09:00 - 18:00 | D13: - | E13: - | F13: - | G13: - | H13: - | I13: - | J13: - | K13: -
B14: Руководитель второй линии | C14: 09:00 - 18:00 | D14: - | E14: Баженов Артем | F14: Баженов Артем | G14: Баженов Артем | H14: - | I14: - | J14: - | K14: -
B15: Отпуск | C15: - | D15: - | E15: Рыбаков Максим | F15: Рыбаков Максим | G15: Рыбаков Максим | H15: Рыбаков Максим | I15: Рыбаков Максим | J15: Рыбаков Максим | K15: Рыбаков Максим
B16: Группа сопровождения микросервисной архитектуры и цифровых продуктов
B17: Новый сотрудник | C17: 09:00 - 18:00 | D17: - | E17: - | F17: - | G17: - | H17: - | I17: -
B18: Дневное дежурство (Основа) | C18: 09:00 - 21:00 | D18: - | E18: Крутилев Владимир | F18: Крутилев Владимир | G18: - | H18: - | I18: - | J18: Крутилев Владимир | K18: Крутилев Владимир
E19: - | F19: - | G19: Евсеев Илья | H19: Евсеев Илья | I19: Евсеев Илья | J19: - | K19: -
B20: Ночное дежурство | C20: 21:00 - 09:00 | D20: - | E20: Комлев Владислав | F20: Комлев Владислав | G20: - | H20: - | I20: - | J20: Комлев Владислав | K20: Комлев Владислав
E21: - | F21: - | G21: Полунин Вадим | H21: Полунин Вадим | I21: Полунин Вадим | J21: - | K21: -
B22: Дневное дежурство (Резерв) | C22: 09:00 - 18:00 | D22: - | E22: Шаповалов Дмитрий | F22: Шаповалов Дмитрий | G22: Шаповалов Дмитрий | J22: - | K22: -
B23: Администрирование сервисов | C23: 09:00 - 18:00 | D23: - | E23: Букреев Даниил | F23: Букреев Даниил | G23: Букреев Даниил | J23: - | K23: -
B24: Ведущий специалист ГСМАиЦП | C24: 09:00 - 18:00 | D24: - | E24: Стальмаков Никита | F24: Стальмаков Никита | G24: Стальмаков Никита | J24: - | K24: -
B25: Руководитель ГСМАиЦП | C25: 09:00 - 18:00 | D25: - | E25: - | F25: - | G25: - | J25: - | K25: -
B26: Отпуск | C26: - | D26: - | E26: Демин Владимир | F26: Демин Владимир | G26: Демин Владимир | H26: - | I26: - | J26: - | K26: -
B27: Отпуск | C27: - | D27: - | E27: - | F27: - | G27: - | H27: - | I27: - | J27: - | K27: -
B28: 1Л ТП + 2Л ТП
B29: Смена | C29: Будние дни | D29: Выходные дни | E29: 45782 | F29: 45783 | G29: 45784 | H29: 45785 | I29: 45786 | J29: 45787 | K29: 45788
B30: Дежурство по офису | C30: 08:00 - 17:00 | D30: - | E30: Короткевич Артем | F30: Короткевич Артем | G30: Короткевич Артем | H30: - | I30: - | J30: - | K30: -
B31: Утренее дежурство | C31: 08:00 - 17:00 | D31: - | E31: Володин Алексей | F31: Володин Алексей | G31: Володин Алексей | H31: - | I31: - | J31: - | K31: -
B32: Утренее дежурство | C32: 08:00 - 17:00 | D32: - | E32: Пенкин Максим | F32: Пенкин Максим | G32: Пенкин Максим | H32: - | I32: - | J32: - | K32: -
B33: Вечернее дежурство и Выходное дежурство | C33: 13:00 - 21:00 | D33: 09:00 - 21:00 | E33: Кобяков Кирилл | F33: Кобяков Кирилл | G33: - | H33: - | I33: - | J33: Кобяков Кирилл | K33: Кобяков Кирилл
B34: Вечернее дежурство | C34: 13:00 - 21:00 | D34: - | E34: Папаев Павел | F34: Папаев Павел | G34: Папаев Павел | H34: - | I34: - | J34: - | K34: -
B35: Ночное дежурство | C35: 21:00 - 09:00 | D35: 21:00 - 09:00 | E35: - | F35: - | G35: - | H35: Батуров Вячеслав | I35: Батуров Вячеслав | J35: Батуров Вячеслав | K35: Батуров Вячеслав
B36: Ночное дежурство | C36: 21:00 - 09:00 | D36: - | E36: Рыбаков Максим | F36: Рыбаков Максим | G36: Рыбаков Максим | J36: - | K36: -
B37: Решение инцидентов и Выходное дежурство | C37: 09:00 - 18:00 | D37: 09:00 - 21:00 | E37: Зырянов Даниил | F37: Зырянов Даниил | G37: - | H37: - | I37: - | J37: - | K37: -
B38: Решение инцидентов и Выходное дежурство | C38: 09:00 - 18:00 | D38: 09:00 - 21:00 | E38: - | F38: - | G38: Пантюх Александр | H38: Пантюх Александр | I38: Пантюх Александр | J38: - | K38: -
B39: Управление ИТ-услугами | C39: 09:00 - 18:00 | D39: 09:00 - 21:00 | E39: Громов Лев | F39: Громов Лев | G39: Зырянов Даниил | H39: - | I39: - | J39: Громов Лев | K39: Громов Лев
B40: Разбор претензий | C40: 09:00 - 18:00 | D40: - | E40: Вавилова Анна | F40: Вавилова Анна | G40: Вавилова Анна | H40: - | I40: - | J40: - | K40: -
B41: Разбор претензий | C41: 09:00 - 18:00 | D41: - | E41: - | F41: - | G41: - | H41: - | I41: - | J41: - | K41: -
B42: Руководитель второй линии | C42: 09:00 - 18:00 | D42: - | E42: - | F42: - | G42: - | H42: - | I42: - | J42: - | K42: -
B43: Отпуск | C43: - | D43: - | E43: Рыбаков Максим | F43: Рыбаков Максим | G43: - | H43: - | I43: - | J43: - | K43: -
B44: Отпуск | C44: - | D44: - | E44: Баженов Артем | F44: Баженов Артем | G44: Баженов Артем | H44: Баженов Артем | I44: Баженов Артем | J44: Баженов Артем | K44: Баженов Артем
B45: Группа сопровождения микросервисной архитектуры и цифровых продуктов
B46: Новый сотрудник | C46: 09:00 - 18:00 | D46: - | E46: - | F46: - | G46: - | H46: - | I46: -
B47: Дневное дежурство (Основа) | C47: 09:00 - 21:00 | D47: - | E47: Полунин Вадим | F47: Полунин Вадим | G47: - | H47: - | I47: - | J47: Полунин Вадим | K47: Полунин Вадим
E48: - | F48: - | G48: Крутилев Владимир | H48: Крутилев Владимир | I48: Крутилев Владимир | J48: - | K48: -
B49: Ночное дежурство | C49: 21:00 - 09:00 | D49: - | E49: Евсеев Илья | F49: Евсеев Илья | G49: - | H49: - | I49: - | J49: Евсеев Илья | K49: Евсеев Илья
E50: - | F50: - | G50: Комлев Владислав | H50: Комлев Владислав | I50: Комлев Владислав | J50: - | K50: -
B51: Дневное дежурство (Резерв) | C51: 09:00 - 18:00 | D51: - | E51: Шаповалов Дмитрий | F51: Шаповалов Дмитрий | G51: Шаповалов Дмитрий | J51: - | K51: -
B52: Администрирование сервисов | C52: 09:00 - 18:00 | D52: - | E52: Букреев Даниил | F52: Букреев Даниил | G52: Букреев Даниил | J52: - | K52: -
B53: Ведущий специалист ГСМАиЦП | C53: 09:00 - 18:00 | D53: - | E53: - | F53: - | G53: - | J53: - | K53: -
B54: Руководитель ГСМАиЦП | C54: 09:00 - 18:00 | D54: - | E54: Демин Владимир | F54: Демин Владимир | G54: Демин Владимир | J54: - | K54: -
B55: Отпуск | C55: - | D55: - | E55: Стальмаков Никита | F55: Стальмаков Никита | G55: Стальмаков Никита | H55: - | I55: - | J55: - | K55: -
B56: Отпуск | C56: - | D56: - | E56: - | F56: - | G56: - | H56: - | I56: - | J56: - | K56: -
B57: 1Л ТП + 2Л ТП
B58: Смена | C58: Будние дни | D58: Выходные дни | E58: 45789 | F58: 45790 | G58: 45791 | H58: 45792 | I58: 45793 | J58: 45794 | K58: 45795
B59: Дежурство по офису | C59: 08:00 - 17:00 | D59: - | E59: Короткевич Артем | F59: Короткевич Артем | G59: Короткевич Артем | H59: Короткевич Артем | I59: Короткевич Артем | J59: - | K59: -
B60: Утренее дежурство | C60: 08:00 - 17:00 | D60: - | E60: Володин Алексей | F60: Володин Алексей | G60: Володин Алексей | H60: Володин Алексей | I60: Володин Алексей | J60: - | K60: -
B61: Вечернее дежурство | C61: 13:00 - 21:00 | D61: - | E61: Папаев Павел | F61: Папаев Павел | G61: Папаев Павел | H61: Папаев Павел | I61: Папаев Павел | J61: - | K61: -
B62: Ночное дежурство | C62: 21:00 - 09:00 | D62: 21:00 - 09:00 | E62: Рыбаков Максим | F62: Рыбаков Максим | G62: - | H62: - | I62: - | J62: Рыбаков Максим | K62: Рыбаков Максим
B63: Ночное дежурство | C63: 21:00 - 09:00 | D63: - | E63: - | F63: - | G63: Громов Лев | H63: Громов Лев | I63: Громов Лев | J63: - | K63: -
B64: Решение инцидентов и Выходное дежурство | C64: 09:00 - 18:00 | D64: 09:00 - 21:00 | E64: Пантюх Александр | F64: Пантюх Александр | G64: - | H64: - | I64: - | J64: Пантюх Александр | K64: Пантюх Александр
B65: Решение инцидентов и Выходное дежурство | C65: 09:00 - 18:00 | D65: 09:00 - 21:00 | E65: Пенкин Максим | F65: Пенкин Максим | G65: Пенкин Максим | H65: Пенкин Максим | I65: Пенкин Максим | J65: - | K65: -
B66: Управление ИТ-услугами | C66: 09:00 - 18:00 | D66: - | E66: Зырянов Даниил | F66: Зырянов Даниил | G66: Зырянов Даниил | H66: Зырянов Даниил | I66: Зырянов Даниил | J66: - | K66: -
B67: Разбор претензий | C67: 09:00 - 18:00 | D67: - | E67: Вавилова Анна | F67: Вавилова Анна | G67: Вавилова Анна | H67: Вавилова Анна | I67: Вавилова Анна | J67: - | K67: -
B68: Разбор претензий | C68: 09:00 - 18:00 | D68: - | E68: - | F68: - | G68: Кобяков Кирилл | H68: Кобяков Кирилл | I68: Кобяков Кирилл | J68: - | K68: -
B69: Руководитель второй линии | C69: 09:00 - 18:00 | D69: - | E69: - | F69: - | G69: Баженов Артем | H69: Баженов Артем | I69: Баженов Артем | J69: - | K69: -
B70: Отпуск | C70: - | D70: - | E70: Баженов Артем | F70: Баженов Артем | G70: - | H70: - | I70: - | J70: - | K70: -
B71: Отпуск | C71: - | D71: - | E71: Батуров Вячеслав | F71: Батуров Вячеслав | G71: Батуров Вячеслав | H71: Батуров Вячеслав | I71: Батуров Вячеслав | J71: Батуров Вячеслав | K71: Батуров Вячеслав
B72: Группа сопровождения микросервисной архитектуры и цифровых продуктов
B73: Новый сотрудник | C73: 09:00 - 18:00 | D73: - | E73: - | F73: - | G73: - | H73: - | I73: -
B74: Дневное дежурство (Основа) | C74: 09:00 - 21:00 | D74: - | E74: Комлев Владислав | F74: Комлев Владислав | G74: - | H74: - | I74: - | J74: Комлев Владислав | K74: Комлев Владислав
E75: - | F75: - | G75: Полунин Вадим | H75: Полунин Вадим | I75: Полунин Вадим | J75: - | K75: -
B76: Ночное дежурство | C76: 21:00 - 09:00 | D76: - | E76: Крутилев Владимир | F76: Крутилев Владимир | G76: - | H76: - | I76: - | J76: Крутилев Владимир | K76: Крутилев Владимир
E77: - | F77: - | G77: Евсеев Илья | H77: Евсеев Илья | I77: Евсеев Илья | J77: - | K77: -
B78: Дневное дежурство (Резерв) | C78: 09:00 - 18:00 | D78: - | E78: Шаповалов Дмитрий | F78: Шаповалов Дмитрий | G78: Шаповалов Дмитрий | H78: Шаповалов Дмитрий | I78: Шаповалов Дмитрий | J78: - | K78: -
B79: Администрирование сервисов | C79: 09:00 - 18:00 | D79: - | E79: Букреев Даниил | F79: Букреев Даниил | G79: Букреев Даниил | H79: Букреев Даниил | I79: Букреев Даниил | J79: - | K79: -
B80: Ведущий специалист ГСМАиЦП | C80: 09:00 - 18:00 | D80: - | E80: - | F80: - | G80: Стальмаков Никита | H80: Стальмаков Никита | I80: Стальмаков Никита | J80: - | K80: -
B81: Руководитель ГСМАиЦП | C81: 09:00 - 18:00 | D81: - | E81: Демин Владимир | F81: Демин Владимир | G81: Демин Владимир | H81: Демин Владимир | I81: Демин Владимир | J81: - | K81: -
B82: Отпуск | C82: - | D82: - | E82: Стальмаков Никита | F82: Стальмаков Никита | G82: - | H82: - | I82: - | J82: - | K82: -
B83: Отпуск | C83: - | D83: - | E83: - | F83: - | G83: - | H83: - | I83: - | J83: - | K83: -
B84: 1Л ТП + 2Л ТП
B85: Смена | C85: Будние дни | D85: Выходные дни | E85: 45796 | F85: 45797 | G85: 45798 | H85: 45799 | I85: 45800 | J85: 45801 | K85: 45802
B86: Дежурство по офису | C86: 08:00 - 17:00 | D86: - | E86: Короткевич Артем | F86: Короткевич Артем | G86: Короткевич Артем | H86: Короткевич Артем | I86: Короткевич Артем
B87: Утренее дежурство | C87: 08:00 - 17:00 | D87: - | E87: Кобяков Кирилл | F87: Кобяков Кирилл | G87: Кобяков Кирилл | H87: Кобяков Кирилл | I87: Кобяков Кирилл
B88: Утренее дежурство | C88: 08:00 - 17:00 | D88: - | E88: Папаев Павел | F88: Папаев Павел | G88: Папаев Павел | H88: Папаев Павел | I88: Папаев Павел
B89: Вечернее дежурство | C89: 13:00 - 21:00 | D89: - | E89: Володин Алексей | F89: Володин Алексей | G89: Володин Алексей | H89: Володин Алексей | I89: Володин Алексей
B90: Ночное дежурство | C90: 21:00 - 09:00 | D90: 21:00 - 09:00 | E90: Батуров Вячеслав | F90: Батуров Вячеслав | J90: Батуров Вячеслав | K90: Батуров Вячеслав
B91: Ночное дежурство | C91: 21:00 - 09:00 | D91: 21:00 - 09:00 | G91: Рыбаков Максим | H91: Рыбаков Максим | I91: Рыбаков Максим
B92: Решение инцидентов и Выходное дежурство | C92: 09:00 - 18:00 | D92: 09:00 - 21:00 | E92: - | F92: - | G92: - | H92: - | I92: - | J92: Громов Лев | K92: Громов Лев
B93: Решение инцидентов и Выходное дежурство | C93: 09:00 - 18:00 | D93: 09:00 - 21:00 | E93: Зырянов Даниил | F93: Зырянов Даниил | G93: Зырянов Даниил | H93: Зырянов Даниил | I93: Зырянов Даниил
B94: Управление ИТ-услугами | C94: 09:00 - 18:00 | D94: - | E94: Пенкин Максим | F94: Пенкин Максим | G94: Пенкин Максим | H94: Пенкин Максим | I94: Пенкин Максим
B95: Управление ИТ-услугами | C95: 09:00 - 18:00 | D95: - | E95: Громов Лев | F95: Громов Лев | G95: - | H95: - | I95: -
B96: Разбор претензий | C96: 09:00 - 18:00 | D96: - | E96: Вавилова Анна | F96: Вавилова Анна | G96: Вавилова Анна | H96: Вавилова Анна | I96: Вавилова Анна
B97: Разбор претензий | C97: 09:00 - 18:00 | D97: - | E97: - | F97: - | G97: - | H97: - | I97: -
B98: Руководитель второй линии | C98: 09:00 - 18:00 | D98: - | E98: Баженов Артем | F98: Баженов Артем | G98: Баженов Артем | H98: Баженов Артем | I98: Баженов Артем
B99: Отпуск | C99: - | D99: - | E99: Пантюх Александр | F99: Пантюх Александр | G99: Пантюх Александр | H99: Пантюх Александр | I99: Пантюх Александр | J99: Пантюх Александр | K99: Пантюх Александр
B100: Группа сопровождения микросервисной архитектуры и цифровых продуктов
...

Sheet Июль 2025
B2: 1Л Тех Поддержки | M2: 2Л Тех Поддержки | X2: ГСМАиЦП
B3: Смена | C3: Будние дни | D3: Выходные дни | E3: 45845 | F3: 45846 | G3: 45847 | H3: 45848 | I3: 45849 | J3: 45850 | K3: 45851 | M3: Смена | N3: Будние дни | O3: Выходные дни | P3: 45845 | Q3: 45846 | R3: 45847 | S3: 45848 | T3: 45849 | U3: 45850 | V3: 45851 | X3: Смена | Y3: Будние дни | Z3: Выходные дни | AA3: 45838 | AB3: 45839 | AC3: 45840 | AD3: 45841 | AE3: 45842 | AF3: 45843 | AG3: 45844
B4: Дневное дежурство | C4: 09:00 - 21:00 | D4: 09:00 - 21:00 | E4: Володин Алексей | F4: Володин Алексей | J4: Володин Алексей | K4: Володин Алексей | M4: Роль офис | N4: 08:00 - 17:00 | O4: - | P4: Пантюх Александр | Q4: Пантюх Александр | R4: Пантюх Александр | S4: Пантюх Александр | T4: Пантюх Александр | U4: - | V4: - | X4: Новый сотрудник | Y4: 09:00 - 18:00 | Z4: - | AA4: - | AB4: - | AC4: - | AD4: - | AE4: -
B5: Дневное дежурство | C5: 09:00 - 21:00 | D5: - | G5: Андрианов Владимир | H5: Андрианов Владимир | I5: Андрианов Владимир (с 09:00 - 18:00) | M5: Роль аутсорс | N5: 09:00 - 18:00 | O5: - | P5: Короткевич Артем | Q5: Короткевич Артем | R5: Короткевич Артем | S5: Короткевич Артем | T5: Короткевич Артем | U5: - | V5: - | X5: Дневное дежурство (Основа) | Y5: 09:00 - 21:00 | Z5: - | AA5: Комлев Владислав | AB5: Комлев Владислав | AC5: - | AD5: - | AE5: - | AF5: Комлев Владислав | AG5: Комлев Владислав
B6: Ночное дежурство | C6: 21:00 - 09:00 | D6: 21:00 - 09:00 | E6: Пенкин Максим | F6: Пенкин Максим | J6: Пенкин Максим | K6: Пенкин Максим | M6: Роль удаленная помощь | N6: 09:00 - 18:00 | O6: - | P6: Рыбаков Максим | Q6: Рыбаков Максим | R6: - | S6: - | T6: - | U6: - | V6: - | AA6: - | AB6: - | AC6: Полунин Вадим | AD6: Полунин Вадим | AE6: Полунин Вадим | AF6: - | AG6: -
B7: Ночное дежурство | C7: 21:00 - 09:00 | D7: - | G7: Кобяков Кирилл | H7: Кобяков Кирилл | I7: Кобяков Кирилл | M7: Роль удаленная помощь | N7: 12:00 - 21:00 | O7: - | P7: - | Q7: - | R7: Батуров Вячеслав | S7: Батуров Вячеслав | T7: Батуров Вячеслав | U7: - | V7: - | X7: Ночное дежурство | Y7: 21:00 - 09:00 | Z7: - | AA7: Крутилев Владимир | AB7: Крутилев Владимир | AC7: - | AD7: - | AE7: - | AF7: Крутилев Владимир | AG7: Крутилев Владимир
B8: Дневное дежурство | C8: 09:00 - 21:00 | D8: 09:00 - 21:00 | E8: - | F8: - | G8: - | H8: - | I8: Батуров Вячеслав (с 18:00 - 21:00) | J8: - | K8: - | M8: Старший сотрудник | N8: 09:00 - 18:00 | O8: - | P8: Громов Лев | Q8: Громов Лев | R8: Громов Лев | S8: Громов Лев | T8: Громов Лев | U8: - | V8: - | AA8: - | AB8: - | AC8: Шаповалов Дмитрий | AD8: Шаповалов Дмитрий | AE8: Шаповалов Дмитрий | AF8: - | AG8: -
B9: Дневное дежурство | C9: 09:00 - 21:00 | D9: - | E9: - | F9: - | G9: - | H9: - | I9: - | J9: - | K9: - | M9: Старший сотрудник | N9: 12:00 - 21:00 | O9: - | P9: - | Q9: - | R9: - | S9: - | T9: - | U9: - | V9: - | X9: Дневное дежурство (Резерв) | Y9: 09:00 - 18:00 | Z9: - | AA9: - | AB9: - | AC9: - | AD9: - | AE9: - | AF9: - | AG9: -
B10: Дневное дежурство | C10: 09:00 - 18:00 | D10: - | E10: Андрианов Владимир | F10: Андрианов Владимир | G10: Рыбаков Максим | H10: Рыбаков Максим | I10: Рыбаков Максим | M10: Отпуск | N10: - | O10: - | P10: - | Q10: - | R10: - | S10: - | T10: - | U10: - | V10: - | X10: Администрирование сервисов | Y10: 09:00 - 18:00 | Z10: - | AA10: Букреев Даниил | AB10: Букреев Даниил | AC10: Букреев Даниил | AD10: Букреев Даниил | AE10: Букреев Даниил
B11: Старший специалист | C11: 09:00 - 18:00 | D11: - | E11: Вавилова Анна | F11: Вавилова Анна | G11: Вавилова Анна | H11: Вавилова Анна | I11: Вавилова Анна | M11: Отпуск | N11: - | O11: - | P11: Зырянов Даниил | Q11: Зырянов Даниил | R11: Зырянов Даниил | S11: Зырянов Даниил | T11: Зырянов Даниил | U11: Зырянов Даниил | V11: Зырянов Даниил | X11: Ведущий специалист ГСМАиЦП | Y11: 09:00 - 18:00 | Z11: - | AA11: Стальмаков Никита | AB11: Стальмаков Никита | AC11: Стальмаков Никита | AD11: Стальмаков Никита | AE11: Стальмаков Никита
B12: Отпуск | C12: - | D12: - | E12: - | F12: - | G12: Оборотов Василий больничный | H12: Оборотов Василий больничный | I12: Оборотов Василий больничный | J12: - | K12: - | X12: Руководитель ГСМАиЦП | Y12: 09:00 - 18:00 | Z12: - | AA12: Демин Владимир | AB12: Демин Владимир | AC12: Демин Владимир | AD12: Демин Владимир | AE12: Демин Владимир
B13: Отпуск | C13: - | D13: - | E13: - | F13: - | G13: - | H13: - | I13: - | J13: - | K13: - | M13: 2Л Тех Поддержки | X13: Отпуск | Y13: - | Z13: - | AA13: Евсеев Илья | AB13: Евсеев Илья | AC13: Евсеев Илья | AD13: Евсеев Илья | AE13: Евсеев Илья | AF13: Евсеев Илья | AG13: Евсеев Илья
M14: Смена | N14: Будние дни | O14: Выходные дни | P14: 45852 | Q14: 45853 | R14: 45854 | S14: 45855 | T14: 45856 | U14: 45857 | V14: 45858 | X14: Отпуск | Y14: - | Z14: -
B15: 1Л Тех Поддержки | M15: Роль офис | N15: 08:00 - 17:00 | O15: - | P15: Пантюх Александр | Q15: Пантюх Александр | R15: Пантюх Александр | S15: Пантюх Александр | T15: Пантюх Александр | U15: - | V15: -
B16: Смена | C16: Будние дни | D16: Выходные дни | E16: 45852 | F16: 45853 | G16: 45854 | H16: 45855 | I16: 45856 | J16: 45857 | K16: 45858 | M16: Роль аутсорс | N16: 09:00 - 18:00 | O16: - | P16: Короткевич Артем | Q16: Короткевич Артем | R16: Короткевич Артем | S16: Короткевич Артем | T16: Короткевич Артем | U16: - | V16: - | X16: ГСМАиЦП
B17: Дневное дежурство | C17: 09:00 - 21:00 | D17: 09:00 - 21:00 | E17: Андрианов Владимир | F17: Андрианов Владимир | J17: Андрианов Владимир | K17: Андрианов Владимир | M17: Роль удаленная помощь | N17: 09:00 - 18:00 | O17: - | P17: Батуров Вячеслав | Q17: Батуров Вячеслав | R17: Батуров Вячеслав | S17: Батуров Вячеслав | T17: Батуров Вячеслав | U17: - | V17: - | X17: Смена | Y17: Будние дни | Z17: Выходные дни | AA17: 45845 | AB17: 45846 | AC17: 45847 | AD17: 45848 | AE17: 45849 | AF17: 45850 | AG17: 45851
B18: Дневное дежурство | C18: 09:00 - 21:00 | D18: - | G18: Володин Алексей | H18: Володин Алексей | I18: Володин Алексей | M18: Роль удаленная помощь | N18: 12:00 - 21:00 | O18: - | P18: Рыбаков Максим | Q18: Рыбаков Максим | R18: Рыбаков Максим | S18: Рыбаков Максим | T18: Рыбаков Максим | U18: - | V18: - | X18: Новый сотрудник | Y18: 09:00 - 18:00 | Z18: - | AA18: - | AB18: - | AC18: - | AD18: - | AE18: -
B19: Ночное дежурство | C19: 21:00 - 09:00 | D19: 21:00 - 09:00 | E19: Оборотов Василий | F19: Оборотов Василий | J19: Оборотов Василий | K19: Оборотов Василий | M19: Старший сотрудник | N19: 09:00 - 18:00 | O19: - | P19: Зырянов Даниил | Q19: Зырянов Даниил | R19: Зырянов Даниил | S19: Зырянов Даниил | T19: Зырянов Даниил | U19: - | V19: - | X19: Дневное дежурство (Основа) | Y19: 09:00 - 21:00 | Z19: - | AA19: Полунин Вадим | AB19: Полунин Вадим | AC19: - | AD19: - | AE19: - | AF19: Полунин Вадим | AG19: Полунин Вадим
B20: Ночное дежурство | C20: 21:00 - 09:00 | D20: - | G20: Пенкин Максим | H20: Пенкин Максим | I20: Пенкин Максим | M20: Старший сотрудник | N20: 12:00 - 21:00 | O20: - | P20: - | Q20: - | R20: - | S20: - | T20: - | U20: - | V20: - | AA20: - | AB20: - | AC20: Комлев Владисав | AD20: Комлев Владисав | AE20: Комлев Владисав | AF20: - | AG20: -
B21: Дневное дежурство | C21: 09:00 - 21:00 | D21: 09:00 - 21:00 | E21: - | F21: - | G21: - | H21: - | I21: - | J21: - | K21: - | M21: Отпуск | N21: - | O21: - | P21: - | Q21: - | R21: - | S21: - | T21: - | U21: - | V21: - | X21: Ночное дежурство | Y21: 21:00 - 09:00 | Z21: - | AA21: Шаповалов Дмитрий | AB21: Шаповалов Дмитрий | AC21: - | AD21: - | AE21: - | AF21: Шаповалов Дмитрий | AG21: Шаповалов Дмитрий
B22: Дневное дежурство | C22: 09:00 - 21:00 | D22: - | E22: - | F22: - | G22: - | H22: - | I22: - | J22: - | K22: - | M22: Отпуск | N22: - | O22: - | P22: Громов Лев | Q22: Громов Лев | R22: Громов Лев | S22: Громов Лев | T22: Громов Лев | U22: Громов Лев | V22: Громов Лев | AA22: - | AB22: - | AC22: Крутилев Владимир | AD22: Крутилев Владимир | AE22: Крутилев Владимир | AF22: - | AG22: -
B23: Дневное дежурство | C23: 09:00 - 18:00 | D23: - | E23: Кобяков Кирилл | F23: Кобяков Кирилл | G23: Кобяков Кирилл | H23: Кобяков Кирилл | I23: Кобяков Кирилл | J23: - | K23: - | X23: Дневное дежурство (Резерв) | Y23: 09:00 - 18:00 | Z23: - | AA23: - | AB23: - | AC23: - | AD23: - | AE23: - | AF23: - | AG23: -
B24: Старший специалист | C24: 09:00 - 18:00 | D24: - | E24: - | F24: - | G24: - | H24: - | I24: - | J24: - | K24: - | M24: 2Л Тех Поддержки | X24: Администрирование сервисов | Y24: 09:00 - 18:00 | Z24: - | AA24: Букреев Даниил | AB24: Букреев Даниил | AC24: Букреев Даниил | AD24: Букреев Даниил | AE24: Букреев Даниил
B25: Отпуск | C25: - | D25: - | E25: Вавилова Анна | F25: Вавилова Анна | G25: Вавилова Анна | H25: Вавилова Анна | I25: Вавилова Анна | J25: Вавилова Анна | K25: Вавилова Анна | M25: Смена | N25: Будние дни | O25: Выходные дни | P25: 45859 | Q25: 45860 | R25: 45861 | S25: 45862 | T25: 45863 | U25: 45864 | V25: 45865 | X25: Ведущий специалист ГСМАиЦП | Y25: 09:00 - 18:00 | Z25: - | AA25: - | AB25: - | AC25: - | AD25: - | AE25: -
B26: Отпуск | C26: - | D26: - | E26: - | F26: - | G26: - | H26: - | I26: - | J26: - | K26: - | M26: Роль офис | N26: 08:00 - 17:00 | O26: - | P26: Пантюх Александр | Q26: Пантюх Александр | R26: Пантюх Александр | S26: Пантюх Александр | T26: Пантюх Александр | U26: - | V26: - | X26: Руководитель ГСМАиЦП | Y26: 09:00 - 18:00 | Z26: - | AA26: Демин Владимир | AB26: Демин Владимир | AC26: Демин Владимир | AD26: Демин Владимир | AE26: Демин Владимир
M27: Роль офис | N27: 09:00 - 18:00 | O27: - | P27: Короткевич Артем | Q27: Короткевич Артем | R27: Короткевич Артем | S27: Короткевич Артем | T27: Короткевич Артем | U27: - | V27: - | X27: Отпуск | Y27: - | Z27: - | AA27: Евсеев Илья | AB27: Евсеев Илья | AC27: Евсеев Илья | AD27: Евсеев Илья | AE27: Евсеев Илья | AF27: Евсеев Илья | AG27: Евсеев Илья
B28: 1Л Тех Поддержки | M28: Роль аутсорс | N28: 09:00 - 18:00 | O28: - | P28: Рыбаков Максим | Q28: Рыбаков Максим | R28: Рыбаков Максим | S28: Рыбаков Максим | T28: Рыбаков Максим | U28: - | V28: - | X28: Отпуск | Y28: - | Z28: -
B29: Смена | C29: Будние дни | D29: Выходные дни | E29: 45859 | F29: 45860 | G29: 45861 | H29: 45862 | I29: 45863 | J29: 45864 | K29: 45865 | M29: Роль удаленная помощь | N29: 09:00 - 18:00 | O29: - | P29: Батуров Вячеслав | Q29: Батуров Вячеслав | R29: Батуров Вячеслав | S29: Батуров Вячеслав | T29: Батуров Вячеслав | U29: - | V29: -
B30: Дневное дежурство | C30: 09:00 - 21:00 | D30: 09:00 - 21:00 | E30: Кобяков Кирилл | F30: Кобяков Кирилл | J30: Кобяков Кирилл | K30: Кобяков Кирилл | M30: Старший сотрудник | N30: 09:00 - 18:00 | O30: - | P30: Зырянов Даниил | Q30: Зырянов Даниил | R30: Зырянов Даниил | S30: Зырянов Даниил | T30: Зырянов Даниил | U30: - | V30: - | X30: ГСМАиЦП
B31: Дневное дежурство | C31: 09:00 - 21:00 | D31: - | G31: Андрианов Владимир | H31: Андрианов Владимир | I31: Андрианов Владимир | M31: Старший сотрудник | N31: 12:00 - 21:00 | O31: - | P31: - | Q31: - | R31: - | S31: - | T31: - | U31: - | V31: - | X31: Смена | Y31: Будние дни | Z31: Выходные дни | AA31: 45852 | AB31: 45853 | AC31: 45854 | AD31: 45855 | AE31: 45856 | AF31: 45857 | AG31: 45858
B32: Ночное дежурство | C32: 21:00 - 09:00 | D32: 21:00 - 09:00 | E32: Володин Алексей | F32: Володин Алексей | J32: Володин Алексей | K32: Володин Алексей | M32: Отпуск | N32: - | O32: - | P32: - | Q32: - | R32: - | S32: - | T32: - | U32: - | V32: - | X32: Новый сотрудник | Y32: 09:00 - 18:00 | Z32: - | AA32: - | AB32: - | AC32: - | AD32: - | AE32: -
B33: Ночное дежурство | C33: 21:00 - 09:00 | D33: - | G33: Оборотов Василий | H33: Оборотов Василий | I33: Оборотов Василий | M33: Отпуск | N33: - | O33: - | P33: Громов Лев | Q33: Громов Лев | R33: Громов Лев | S33: Громов Лев | T33: Громов Лев | U33: Громов Лев | V33: Громов Лев | X33: Дневное дежурство (Основа) | Y33: 09:00 - 21:00 | Z33: - | AA33: Крутилев Владимир | AB33: Крутилев Владимир | AC33: - | AD33: - | AE33: - | AF33: Крутилев Владимир | AG33: Крутилев Владимир
B34: Дневное дежурство | C34: 09:00 - 21:00 | D34: 09:00 - 21:00 | E34: - | F34: - | G34: - | H34: - | I34: - | J34: - | K34: - | AA34: - | AB34: - | AC34: Шаповалов Дмитрий | AD34: Шаповалов Дмитрий | AE34: Шаповалов Дмитрий | AF34: - | AG34: -
B35: Дневное дежурство | C35: 09:00 - 18:00 | D35: - | E35: - | F35: Вильмискин Алексей | G35: Вильмискин Алексей | H35: Вильмискин Алексей | I35: Вильмискин Алексей | J35: - | K35: - | M35: 2Л Тех Поддержки | X35: Ночное дежурство | Y35: 21:00 - 09:00 | Z35: - | AA35: Комлев Владислав | AB35: Комлев Владислав | AC35: - | AD35: - | AE35: - | AF35: Комлев Владислав | AG35: Комлев Владислав
B36: Дневное дежурство | C36: 09:00 - 18:00 | D36: - | E36: Пенкин Максим | F36: Пенкин Максим | G36: Пенкин Максим | H36: Пенкин Максим | I36: Пенкин Максим | M36: Смена | N36: Будние дни | O36: Выходные дни | P36: 45866 | Q36: 45867 | R36: 45868 | S36: 45869 | T36: 45870 | U36: 45871 | V36: 45872 | AA36: - | AB36: - | AC36: Евсеев Илья | AD36: Евсеев Илья | AE36: Евсеев Илья | AF36: - | AG36: -
B37: Старший специалист | C37: 09:00 - 18:00 | D37: - | E37: Вавилова Анна | F37: Вавилова Анна | G37: Вавилова Анна | H37: Вавилова Анна | I37: Вавилова Анна | M37: Роль офис | N37: 08:00 - 17:00 | O37: - | P37: Пантюх Александр | Q37: Пантюх Александр | R37: Пантюх Александр | S37: Пантюх Александр | T37: Пантюх Александр | U37: - | V37: - | X37: Дневное дежурство (Резерв) | Y37: 09:00 - 18:00 | Z37: - | AA37: - | AB37: - | AC37: - | AD37: - | AE37: - | AF37: - | AG37: -
B38: Отпуск | C38: - | D38: - | E38: - | F38: - | G38: - | H38: - | I38: - | J38: - | K38: - | M38: Роль аутсорс | N38: 09:00 - 18:00 | O38: - | P38: Короткевич Артем | Q38: Короткевич Артем | R38: Громов Лев | S38: Короткевич Артем | T38: Короткевич Артем | U38: - | V38: - | X38: Администрирование сервисов | Y38: 09:00 - 18:00 | Z38: - | AA38: Букреев Даниил | AB38: Букреев Даниил | AC38: Букреев Даниил | AD38: Букреев Даниил | AE38: Букреев Даниил
B39: Отпуск | C39: - | D39: - | E39: - | F39: - | G39: - | H39: - | I39: - | J39: - | K39: - | M39: Роль удаленная помощь | N39: 09:00 - 18:00 | O39: - | P39: Рыбаков Максим | Q39: Рыбаков Максим | R39: Рыбаков Максим | S39: Рыбаков Максим | T39: Рыбаков Максим | U39: - | V39: - | X39: Ведущий специалист ГСМАиЦП | Y39: 09:00 - 18:00 | Z39: - | AA39: - | AB39: - | AC39: - | AD39: - | AE39: -
M40: Роль удаленная помощь | N40: 12:00 - 21:00 | O40: - | P40: - | Q40: - | R40: - | S40: - | T40: - | U40: - | V40: - | X40: Руководитель ГСМАиЦП | Y40: 09:00 - 18:00 | Z40: - | AA40: Демин Владимир | AB40: Демин Владимир | AC40: Демин Владимир | AD40: Демин Владимир | AE40: Демин Владимир
B41: 1Л Тех Поддержки | M41: Старший сотрудник | N41: 09:00 - 18:00 | O41: - | P41: Громов Лев | Q41: Громов Лев | R41: - | S41: Громов Лев | T41: Громов Лев | U41: - | V41: - | X41: Отпуск | Y41: - | Z41: - | AA41: Полунин Вадим | AB41: Полунин Вадим | AC41: Полунин Вадим | AD41: Полунин Вадим | AE41: Полунин Вадим | AF41: Полунин Вадим | AG41: Полунин Вадим
B42: Смена | C42: Будние дни | D42: Выходные дни | E42: 45866 | F42: 45867 | G42: 45868 | H42: 45869 | I42: 45870 | J42: 45871 | K42: 45872 | M42: Старший сотрудник | N42: 12:00 - 21:00 | O42: - | P42: Зырянов Даниил | Q42: Зырянов Даниил | R42: Зырянов Даниил | S42: Зырянов Даниил | T42: Зырянов Даниил | U42: - | V42: - | X42: Отпуск | Y42: - | Z42: -
B43: Дневное дежурство | C43: 09:00 - 21:00 | D43: 09:00 - 21:00 | E43: Пенкин Максим | F43: Пенкин Максим | J43: Кобяков Кирилл | K43: Пенкин Максим | M43: Отпуск | N43: - | O43: - | P43: - | Q43: - | R43: - | S43: - | T43: - | U43: - | V43: -
B44: Дневное дежурство | C44: 09:00 - 21:00 | D44: - | G44: Кобяков Кирилл | H44: Кобяков Кирилл | I44: Кобяков Кирилл | M44: Отпуск | N44: - | O44: - | P44: Батуров Вячеслав | Q44: Батуров Вячеслав | R44: Батуров Вячеслав | S44: Батуров Вячеслав | T44: Батуров Вячеслав | U44: Батуров Вячеслав | V44: Батуров Вячеслав | X44: ГСМАиЦП
B45: Ночное дежурство | C45: 21:00 - 09:00 | D45: 21:00 - 09:00 | E45: Андрианов Владимир | F45: Андрианов Владимир | J45: Андрианов Владимир | K45: Андрианов Владимир | X45: Смена | Y45: Будние дни | Z45: Выходные дни | AA45: 45859 | AB45: 45860 | AC45: 45861 | AD45: 45862 | AE45: 45863 | AF45: 45864 | AG45: 45865
B46: Ночное дежурство | C46: 21:00 - 09:00 | D46: - | G46: Володин Алексей | H46: Володин Алексей | I46: Володин Алексей | X46: Новый сотрудник | Y46: 09:00 - 18:00 | Z46: - | AA46: - | AB46: - | AC46: - | AD46: - | AE46: -
B47: Дневное дежурство | C47: 09:00 - 21:00 | D47: 09:00 - 21:00 | E47: - | F47: - | G47: - | H47: - | I47: - | J47: - | K47: - | X47: Дневное дежурство (Основа) | Y47: 09:00 - 21:00 | Z47: - | AA47: Шаповалов Дмитрий | AB47: Шаповалов Дмитрий | AC47: - | AD47: - | AE47: - | AF47: Шаповалов Дмитрий | AG47: Шаповалов Дмитрий
B48: Дневное дежурство | C48: 09:00 - 18:00 | D48: - | E48: Вильмискин Алексей | F48: Вильмискин Алексей | G48: Вильмискин Алексей | H48: Вильмискин Алексей | I48: Вильмискин Алексей | J48: - | K48: - | AA48: - | AB48: - | AC48: Крутилев Владимир | AD48: Крутилев Владимир | AE48: Крутилев Владимир | AF48: - | AG48: -
B49: Дневное дежурство | C49: 09:00 - 21:00 | D49: - | E49: - | F49: - | G49: - | H49: - | I49: - | J49: - | K49: - | X49: Ночное дежурство | Y49: 21:00 - 09:00 | Z49: - | AA49: Евсеев Илья | AB49: Евсеев Илья | AC49: - | AD49: - | AE49: - | AF49: Евсеев Илья | AG49: Евсеев Илья
B50: Дневное дежурство | C50: 09:00 - 18:00 | D50: - | E50: Оборотов Василий | F50: Оборотов Василий | G50: Оборотов Василий | H50: Оборотов Василий | I50: Оборотов Василий | J50: - | K50: - | AA50: - | AB50: - | AC50: Комлев Владисав | AD50: Комлев Владисав | AE50: Комлев Владисав | AF50: - | AG50: -
B51: Старший специалист | C51: 09:00 - 18:00 | D51: - | E51: Вавилова Анна | F51: Вавилова Анна | G51: Вавилова Анна | H51: Вавилова Анна | I51: Вавилова Анна | J51: - | K51: - | X51: Дневное дежурство (Резерв) | Y51: 09:00 - 18:00 | Z51: - | AA51: - | AB51: - | AC51: - | AD51: - | AE51: - | AF51: - | AG51: -
B52: Отпуск | C52: - | D52: - | E52: - | F52: - | G52: - | H52: - | I52: - | J52: - | K52: - | X52: Администрирование сервисов | Y52: 09:00 - 18:00 | Z52: - | AA52: Букреев Даниил | AB52: Букреев Даниил | AC52: Букреев Даниил | AD52: Букреев Даниил | AE52: Букреев Даниил
B53: Отпуск | C53: - | D53: - | E53: - | F53: - | G53: - | H53: - | I53: - | J53: - | K53: - | X53: Ведущий специалист ГСМАиЦП | Y53: 09:00 - 18:00 | Z53: - | AA53: - | AB53: - | AC53: - | AD53: - | AE53: -
X54: Руководитель ГСМАиЦП | Y54: 09:00 - 18:00 | Z54: - | AA54: Демин Владимир | AB54: Демин Владимир | AC54: Демин Владимир | AD54: Демин Владимир | AE54: Демин Владимир
X55: Отпуск | Y55: - | Z55: - | AA55: Полунин Вадим | AB55: Полунин Вадим | AC55: Полунин Вадим | AD55: Полунин Вадим | AE55: Полунин Вадим | AF55: Полунин Вадим | AG55: Полунин Вадим
X56: Отпуск | Y56: - | Z56: -
X58: ГСМАиЦП
X59: Смена | Y59: Будние дни | Z59: Выходные дни | AA59: 45866 | AB59: 45867 | AC59: 45868 | AD59: 45869 | AE59: 45870 | AF59: 45871 | AG59: 45872
X60: Новый сотрудник | Y60: 09:00 - 18:00 | Z60: - | AA60: - | AB60: - | AC60: - | AD60: - | AE60: -
X61: Дневное дежурство (Основа) | Y61: 09:00 - 21:00 | Z61: - | AA61: Комлев Владислав | AB61: Комлев Владислав | AC61: - | AD61: - | AE61: - | AF61: Комлев Владислав | AG61: Комлев Владислав
AA62: - | AB62: - | AC62: Евсеев Илья | AD62: Евсеев Илья | AE62: Евсеев Илья | AF62: - | AG62: -
X63: Ночное дежурство | Y63: 21:00 - 09:00 | Z63: - | AA63: Крутилев Владимир | AB63: Крутилев Владимир | AC63: - | AD63: - | AE63: - | AF63: Крутилев Владимир | AG63: Крутилев Владимир
AA64: - | AB64: - | AC64: Шаповалов Дмитрий | AD64: Шаповалов Дмитрий | AE64: Шаповалов Дмитрий | AF64: - | AG64: -
X65: Дневное дежурство (Резерв) | Y65: 09:00 - 18:00 | Z65: - | AA65: - | AB65: - | AC65: - | AD65: - | AE65: - | AF65: - | AG65: -
X66: Администрирование сервисов | Y66: 09:00 - 18:00 | Z66: - | AA66: Полунин Вадим | AB66: Полунин Вадим | AC66: Полунин Вадим | AD66: Полунин Вадим | AE66: Полунин Вадим
X67: Ведущий специалист ГСМАиЦП | Y67: 09:00 - 18:00 | Z67: - | AA67: - | AB67: - | AC67: - | AD67: - | AE67: -
X68: Руководитель ГСМАиЦП | Y68: 09:00 - 18:00 | Z68: - | AA68: Демин Владимир | AB68: Демин Владимир | AC68: Демин Владимир | AD68: Демин Владимир | AE68: Демин Владимир
X69: Отпуск | Y69: - | Z69: - | AA69: Букреев Даниил | AB69: Букреев Даниил | AC69: Букреев Даниил | AD69: Букреев Даниил | AE69: Букреев Даниил | AF69: Букреев Даниил | AG69: Букреев Даниил
X70: Отпуск | Y70: - | Z70: -

Sheet Август 2025
B2: 1Л Тех Поддержки | M2: 2Л Тех Поддержки | X2: ГСМАиЦП
B3: Смена | C3: Будние дни | D3: Выходные дни | E3: 45873 | F3: 45874 | G3: 45875 | H3: 45876 | I3: 45877 | J3: 45878 | K3: 45879 | M3: Смена | N3: Будние дни | O3: Выходные дни | P3: 45866 | Q3: 45867 | R3: 45868 | S3: 45869 | T3: 45870 | U3: 45871 | V3: 45872 | X3: Смена | Y3: Будние дни | Z3: Выходные дни | AA3: 45866 | AB3: 45867 | AC3: 45868 | AD3: 45869 | AE3: 45870 | AF3: 45871 | AG3: 45872
B4: Дневное дежурство | C4: 09:00 - 21:00 | D4: 09:00 - 21:00 | E4: Оборотов Василий | F4: Оборотов Василий | J4: Оборотов Василий | K4: Оборотов Василий | M4: Роль офис | N4: 08:00 - 17:00 | O4: - | P4: Пантюх Александр | Q4: Пантюх Александр | R4: Пантюх Александр | S4: Пантюх Александр | T4: Пантюх Александр | U4: - | V4: - | X4: Новый сотрудник | Y4: 09:00 - 18:00 | Z4: - | AA4: - | AB4: Беспалов Роман | AC4: Беспалов Роман | AD4: Беспалов Роман | AE4: Беспалов Роман
B5: Дневное дежурство | C5: 09:00 - 21:00 | D5: - | G5: Пенкин Максим | H5: Пенкин Максим | I5: Пенкин Максим | J5: - | K5: - | M5: Роль аутсорс | N5: 09:00 - 18:00 | O5: - | P5: Короткевич Артем | Q5: Короткевич Артем | R5: Короткевич Артем | S5: Короткевич Артем | T5: Короткевич Артем | U5: - | V5: - | X5: Дневное дежурство (Основа) | Y5: 09:00 - 21:00 | Z5: - | AA5: Комлев Владислав | AB5: Комлев Владислав | AC5: - | AD5: - | AE5: - | AF5: Комлев Владислав | AG5: Комлев Владислав
B6: Ночное дежурство | C6: 21:00 - 09:00 | D6: 21:00 - 09:00 | E6: Кобяков Кирилл | F6: Кобяков Кирилл | J6: Кобяков Кирилл | K6: Кобяков Кирилл | M6: Роль удаленная помощь | N6: 09:00 - 18:00 | O6: - | P6: Рыбаков Максим | Q6: Рыбаков Максим | R6: Рыбаков Максим | S6: Рыбаков Максим | T6: Рыбаков Максим | U6: - | V6: - | AA6: - | AB6: - | AC6: Евсеев Илья | AD6: Евсеев Илья | AE6: Евсеев Илья | AF6: - | AG6: -
B7: Ночное дежурство | C7: 21:00 - 09:00 | D7: - | G7: Андрианов Владимир | H7: Андрианов Владимир | I7: Андрианов Владимир | M7: Роль удаленная помощь | N7: 12:00 - 21:00 | O7: - | P7: - | Q7: - | R7: - | S7: - | T7: - | U7: - | V7: - | X7: Ночное дежурство | Y7: 21:00 - 09:00 | Z7: - | AA7: Крутилев Владимир | AB7: Крутилев Владимир | AC7: - | AD7: - | AE7: - | AF7: Крутилев Владимир | AG7: Крутилев Владимир
B8: Дневное дежурство | C8: 09:00 - 21:00 | D8: 09:00 - 21:00 | E8: - | F8: - | G8: - | H8: - | I8: - | J8: - | K8: - | M8: Старший сотрудник | N8: 09:00 - 18:00 | O8: - | P8: Громов Лев | Q8: Громов Лев | R8: Громов Лев | S8: Громов Лев | T8: Громов Лев | U8: - | V8: - | AA8: - | AB8: - | AC8: Шаповалов Дмитрий | AD8: Шаповалов Дмитрий | AE8: Шаповалов Дмитрий | AF8: - | AG8: -
B9: Дневное дежурство | C9: 09:00 - 21:00 | D9: - | E9: Вильмискин Алексей | F9: Вильмискин Алексей | G9: Вильмискин Алексей | H9: Вильмискин Алексей | I9: Вильмискин Алексей | J9: - | K9: - | M9: Старший сотрудник | N9: 12:00 - 21:00 | O9: - | P9: Зырянов Даниил | Q9: Зырянов Даниил | R9: Зырянов Даниил | S9: Зырянов Даниил | T9: Зырянов Даниил | U9: - | V9: - | X9: Дневное дежурство (Резерв) | Y9: 09:00 - 18:00 | Z9: - | AA9: - | AB9: - | AC9: - | AD9: - | AE9: - | AF9: - | AG9: -
B10: Дневное дежурство | C10: 09:00 - 21:00 | D10: - | E10: - | F10: - | G10: - | H10: - | I10: - | J10: - | K10: - | M10: Отпуск | N10: - | O10: - | P10: - | Q10: - | R10: - | S10: - | T10: - | U10: - | V10: - | X10: Администрирование сервисов | Y10: 09:00 - 18:00 | Z10: - | AA10: Полунин Вадим | AB10: Полунин Вадим | AC10: Полунин Вадим | AD10: Полунин Вадим | AE10: Полунин Вадим
B11: Дневное дежурство | C11: 09:00 - 18:00 | D11: - | E11: Володин Алексей | F11: Володин Алексей | G11: Володин Алексей | H11: Володин Алексей | I11: Володин Алексей | J11: - | K11: - | M11: Отпуск | N11: - | O11: - | P11: Батуров Вячеслав | Q11: Батуров Вячеслав | R11: Батуров Вячеслав | S11: Батуров Вячеслав | T11: Батуров Вячеслав | U11: Батуров Вячеслав | V11: Батуров Вячеслав | X11: Ведущий специалист ГСМАиЦП | Y11: 09:00 - 18:00 | Z11: - | AA11: - | AB11: - | AC11: - | AD11: - | AE11: -
B12: Старший специалист | C12: 09:00 - 18:00 | D12: - | E12: Вавилова Анна | F12: Вавилова Анна | G12: Вавилова Анна | H12: Вавилова Анна | I12: Вавилова Анна | J12: - | K12: - | X12: Руководитель ГСМАиЦП | Y12: 09:00 - 18:00 | Z12: - | AA12: Демин Владимир | AB12: Демин Владимир | AC12: Демин Владимир | AD12: Демин Владимир | AE12: Демин Владимир
B13: Отпуск | C13: - | D13: - | E13: - | F13: - | G13: - | H13: - | I13: - | J13: - | K13: - | M13: 2Л Тех Поддержки | X13: Отпуск | Y13: - | Z13: - | AA13: Букреев Даниил | AB13: Букреев Даниил | AC13: Букреев Даниил | AD13: Букреев Даниил | AE13: Букреев Даниил | AF13: Букреев Даниил | AG13: Букреев Даниил
B14: Отпуск | C14: - | D14: - | E14: - | F14: - | G14: - | H14: - | I14: - | J14: - | K14: - | M14: Смена | N14: Будние дни | O14: Выходные дни | P14: 45873 | Q14: 45874 | R14: 45875 | S14: 45876 | T14: 45877 | U14: 45878 | V14: 45879 | X14: Отпуск | Y14: - | Z14: -
M15: Роль офис | N15: 08:00 - 17:00 | O15: - | P15: Рыбаков Максим | Q15: Рыбаков Максим | R15: Рыбаков Максим | S15: Рыбаков Максим | T15: Рыбаков Максим | U15: - | V15: -
B16: 1Л Тех Поддержки | M16: Роль аутсорс | N16: 09:00 - 18:00 | O16: - | P16: Пантюх Александр | Q16: Пантюх Александр | R16: Пантюх Александр | S16: Пантюх Александр | T16: Пантюх Александр | U16: - | V16: - | X16: ГСМАиЦП
B17: Смена | C17: Будние дни | D17: Выходные дни | E17: 45880 | F17: 45881 | G17: 45882 | H17: 45883 | I17: 45884 | J17: 45885 | K17: 45886 | M17: Роль удаленная помощь | N17: 09:00 - 18:00 | O17: - | P17: Короткевич Артем | Q17: Короткевич Артем | R17: Короткевич Артем | S17: Короткевич Артем | T17: Короткевич Артем | U17: - | V17: - | X17: Смена | Y17: Будние дни | Z17: Выходные дни | AA17: 45873 | AB17: 45874 | AC17: 45875 | AD17: 45876 | AE17: 45877 | AF17: 45878 | AG17: 45879
B18: Дневное дежурство | C18: 09:00 - 21:00 | D18: 09:00 - 21:00 | E18: Володин Алексей | F18: Володин Алексей | J18: Володин Алексей | K18: Володин Алексей | M18: Роль удаленная помощь | N18: 12:00 - 21:00 | O18: - | P18: - | Q18: - | R18: - | S18: - | T18: - | U18: - | V18: - | X18: Новый сотрудник | Y18: 09:00 - 18:00 | Z18: - | AA18: Беспалов Роман | AB18: Беспалов Роман | AC18: Беспалов Роман | AD18: Беспалов Роман | AE18: Беспалов Роман
B19: Дневное дежурство | C19: 09:00 - 21:00 | D19: - | G19: Оборотов Василий | H19: Оборотов Василий | I19: Оборотов Василий | J19: - | K19: - | M19: Старший сотрудник | N19: 09:00 - 18:00 | O19: - | P19: Зырянов Даниил | Q19: Зырянов Даниил | R19: Зырянов Даниил | S19: Зырянов Даниил | T19: Зырянов Даниил | U19: - | V19: - | X19: Дневное дежурство (Основа) | Y19: 09:00 - 21:00 | Z19: - | AA19: Шаповалов Дмитрий | AB19: Шаповалов Дмитрий | AC19: - | AD19: - | AE19: - | AF19: Шаповалов Дмитрий | AG19: Шаповалов Дмитрий
B20: Ночное дежурство | C20: 21:00 - 09:00 | D20: 21:00 - 09:00 | E20: Андрианов Владимир | F20: Андрианов Владимир | J20: Пенкин Максим | K20: Пенкин Максим | L20: Обучение Пенкина Максима и Кобякова Кирилла очередям в Трекере отв. Комлев Владислав и Евсеев Илья | M20: Старший сотрудник | N20: 12:00 - 21:00 | O20: - | P20: Громов Лев | Q20: Громов Лев | R20: Громов Лев | S20: Громов Лев | T20: Громов Лев | U20: - | V20: - | AA20: - | AB20: - | AC20: Комлев Владислав | AD20: Комлев Владислав | AE20: Комлев Владислав | AF20: - | AG20: -
B21: Ночное дежурство | C21: 21:00 - 09:00 | D21: - | G21: Кобяков Кирилл | H21: Кобяков Кирилл | I21: Кобяков Кирилл | M21: Отпуск | N21: - | O21: - | P21: - | Q21: - | R21: - | S21: - | T21: - | U21: - | V21: - | X21: Ночное дежурство | Y21: 21:00 - 09:00 | Z21: - | AA21: Евсеев Илья | AB21: Евсеев Илья | AC21: - | AD21: - | AE21: - | AF21: Евсеев Илья | AG21: Евсеев Илья
B22: Дневное дежурство | C22: 09:00 - 21:00 | D22: 09:00 - 21:00 | E22: - | F22: - | G22: - | H22: - | I22: - | J22: - | K22: - | M22: Отпуск | N22: - | O22: - | P22: Батуров Вячеслав | Q22: Батуров Вячеслав | R22: Батуров Вячеслав | S22: Батуров Вячеслав | T22: Батуров Вячеслав | U22: Батуров Вячеслав | V22: Батуров Вячеслав | AA22: - | AB22: - | AC22: Крутилев Владимир | AD22: Крутилев Владимир | AE22: Крутилев Владимир | AF22: - | AG22: -
B23: Дневное дежурство | C23: 09:00 - 18:00 | D23: - | E23: Вильмискин Алексей | F23: Вильмискин Алексей | G23: Вильмискин Алексей | H23: Вильмискин Алексей | I23: Вильмискин Алексей | J23: - | K23: - | X23: Дневное дежурство (Резерв) | Y23: 09:00 - 18:00 | Z23: - | AA23: - | AB23: - | AC23: - | AD23: - | AE23: - | AF23: - | AG23: -
B24: Дневное дежурство | C24: 09:00 - 21:00 | D24: - | E24: - | F24: - | G24: - | H24: - | I24: - | J24: - | K24: - | M24: 2Л Тех Поддержки | X24: Администрирование сервисов | Y24: 09:00 - 18:00 | Z24: - | AA24: Полунин Вадим | AB24: Полунин Вадим | AC24: Полунин Вадим | AD24: Полунин Вадим | AE24: Полунин Вадим
B25: Дневное дежурство | C25: 09:00 - 18:00 | D25: - | H25: Андрианов Владимир | I25: Андрианов Владимир | J25: - | K25: - | M25: Смена | N25: Будние дни | O25: Выходные дни | P25: 45880 | Q25: 45881 | R25: 45882 | S25: 45883 | T25: 45884 | U25: 45885 | V25: 45886 | X25: Ведущий специалист ГСМАиЦП | Y25: 09:00 - 18:00 | Z25: - | AA25: - | AB25: - | AC25: - | AD25: - | AE25: -
B26: Старший специалист | C26: 09:00 - 18:00 | D26: - | E26: Вавилова Анна | F26: Вавилова Анна | G26: Вавилова Анна | H26: Вавилова Анна | I26: Вавилова Анна | J26: - | K26: - | M26: Роль офис | N26: 08:00 - 17:00 | O26: - | P26: Рыбаков Максим | Q26: Рыбаков Максим | R26: Рыбаков Максим | S26: Рыбаков Максим | T26: Рыбаков Максим | U26: - | V26: - | X26: Руководитель ГСМАиЦП | Y26: 09:00 - 18:00 | Z26: - | AA26: Демин Владимир | AB26: Демин Владимир | AC26: Демин Владимир | AD26: Демин Владимир | AE26: Демин Владимир
B27: Отпуск | C27: - | D27: - | E27: - | F27: - | G27: - | H27: - | I27: - | J27: - | K27: - | M27: Роль аутсорс | N27: 09:00 - 18:00 | O27: - | P27: Пантюх Александр | Q27: Пантюх Александр | R27: Пантюх Александр | S27: Пантюх Александр | T27: Пантюх Александр | U27: - | V27: - | X27: Отпуск | Y27: - | Z27: - | AA27: Букреев Даниил | AB27: Букреев Даниил | AC27: Букреев Даниил | AD27: Букреев Даниил | AE27: Букреев Даниил | AF27: Букреев Даниил | AG27: Букреев Даниил
B28: Отпуск | C28: - | D28: - | E28: - | F28: - | G28: - | H28: - | I28: - | J28: - | K28: - | M28: Роль удаленная помощь | N28: 09:00 - 18:00 | O28: - | P28: Батуров Вячеслав | Q28: Батуров Вячеслав | R28: Батуров Вячеслав | S28: Батуров Вячеслав | T28: Батуров Вячеслав | U28: - | V28: - | X28: Отпуск | Y28: - | Z28: -
M29: Роль удаленная помощь | N29: 12:00 - 21:00 | O29: - | P29: Короткевич Артем | Q29: Короткевич Артем | R29: Короткевич Артем | S29: Короткевич Артем | T29: Короткевич Артем | U29: - | V29: -
B30: 1Л Тех Поддержки | M30: Старший сотрудник | N30: 09:00 - 18:00 | O30: - | P30: Громов Лев | Q30: Громов Лев | R30: Громов Лев | S30: Громов Лев | T30: Громов Лев | U30: - | V30: - | X30: ГСМАиЦП
B31: Смена | C31: Будние дни | D31: Выходные дни | E31: 45887 | F31: 45888 | G31: 45889 | H31: 45890 | I31: 45891 | J31: 45892 | K31: 45893 | M31: Старший сотрудник | N31: 12:00 - 21:00 | O31: - | P31: Зырянов Даниил | Q31: Зырянов Даниил | R31: Зырянов Даниил | S31: Зырянов Даниил | T31: Зырянов Даниил | U31: - | V31: - | X31: Смена | Y31: Будние дни | Z31: Выходные дни | AA31: 45880 | AB31: 45881 | AC31: 45882 | AD31: 45883 | AE31: 45884 | AF31: 45885 | AG31: 45886
B32: Дневное дежурство | C32: 09:00 - 21:00 | D32: 09:00 - 21:00 | E32: Андрианов Владимир | F32: Андрианов Владимир | J32: Андрианов Владимир | K32: Андрианов Владимир | M32: Отпуск\отгул | N32: - | O32: - | P32: - | Q32: - | R32: Пантюх Александр | S32: - | T32: - | U32: - | V32: - | X32: Новый сотрудник | Y32: 09:00 - 21:00 | Z32: - | AA32: Беспалов Роман | AB32: Беспалов Роман | AC32: Беспалов Роман | AD32: - | AE32: - | AF32: Беспалов Роман | AG32: -
B33: Дневное дежурство | C33: 09:00 - 21:00 | D33: 09:00 - 21:00 | E33: Вильмискин Алексей | F33: Вильмискин Алексей | J33: Вильмискин Алексей | K33: Вильмискин Алексей | M33: Отпуск\отгул | N33: - | O33: - | X33: Дневное дежурство (Основа) | Y33: 09:00 - 21:00 | Z33: - | AA33: Полунин Вадим | AB33: Полунин Вадим | AC33: Полунин Вадим | AD33: - | AE33: - | AF33: Полунин Вадим | AG33: -
B34: Дневное дежурство | C34: 09:00 - 21:00 | D34: - | G34: Володин Алексей | H34: Володин Алексей | I34: Володин Алексей | J34: - | K34: - | AA34: - | AB34: - | AC34: - | AD34: Шаповалов Дмитрий | AE34: Шаповалов Дмитрий | AF34: - | AG34: Шаповалов Дмитрий
B35: Ночное дежурство | C35: 21:00 - 09:00 | D35: 21:00 - 09:00 | E35: Оборотов Василий | F35: Оборотов Василий | J35: Оборотов Василий | K35: Оборотов Василий | L35: Обучение Оборотова Василия и Пенкина Максима очередям в Трекере отв. Шаповалов Дмитрий и Комлев Владислав | M35: 2Л Тех Поддержки | X35: Ночное дежурство | Y35: 21:00 - 09:00 | Z35: - | AA35: Комлев Владислав | AB35: Комлев Владислав | AC35: - | AD35: - | AE35: - | AF35: Комлев Владислав | AG35: Комлев Владислав | AH35: Обучение Пенкина Максима и Кобякова Кирилла очередям в Трекере отв. Комлев Владислав и Евсеев Илья
B36: Ночное дежурство | C36: 21:00 - 09:00 | D36: - | G36: Пенкин Максим | H36: Пенкин Максим | I36: Пенкин Максим | M36: Смена | N36: Будние дни | O36: Выходные дни | P36: 45887 | Q36: 45888 | R36: 45889 | S36: 45890 | T36: 45891 | U36: 45892 | V36: 45893 | AA36: - | AB36: - | AC36: Евсеев Илья | AD36: Евсеев Илья | AE36: Евсеев Илья | AF36: - | AG36: -
B37: Дневное дежурство | C37: 09:00 - 21:00 | D37: 09:00 - 21:00 | E37: - | F37: - | G37: - | H37: - | I37: - | J37: - | K37: - | M37: Роль офис | N37: 08:00 - 17:00 | O37: - | P37: Рыбаков Максим | Q37: Рыбаков Максим | R37: Рыбаков Максим | S37: Рыбаков Максим | T37: Рыбаков Максим | U37: - | V37: - | X37: Дневное дежурство (Резерв) | Y37: 09:00 - 18:00 | Z37: - | AA37: - | AB37: - | AC37: - | AD37: - | AE37: - | AF37: - | AG37: -
B38: Дневное дежурство | C38: 09:00 - 21:00 | D38: - | E38: - | F38: - | G38: - | H38: - | I38: - | J38: - | K38: - | M38: Роль аутсорс | N38: 09:00 - 18:00 | O38: - | P38: Пантюх Александр | Q38: Пантюх Александр | R38: Пантюх Александр | S38: Пантюх Александр | T38: Пантюх Александр | U38: - | V38: - | X38: Администрирование сервисов | Y38: 09:00 - 18:00 | Z38: -
B39: Дневное дежурство | C39: 09:00 - 18:00 | D39: - | E39: Кобяков Кирилл | F39: Кобяков Кирилл | G39: Кобяков Кирилл | H39: Кобяков Кирилл | I39: Кобяков Кирилл | J39: - | K39: - | M39: Роль удаленная помощь | N39: 09:00 - 18:00 | O39: - | P39: Короткевич Артем | Q39: Короткевич Артем | R39: Батуров Вячеслав | S39: Короткевич Артем | T39: Короткевич Артем | U39: - | V39: - | X39: Ведущий специалист ГСМАиЦП | Y39: 09:00 - 18:00 | Z39: - | AA39: Букреев Даниил | AB39: Букреев Даниил | AC39: Букреев Даниил | AD39: Букреев Даниил | AE39: Букреев Даниил
B40: Старший специалист | C40: 09:00 - 18:00 | D40: - | E40: Вавилова Анна | F40: Вавилова Анна | G40: Вавилова Анна | H40: Вавилова Анна | I40: Вавилова Анна | J40: - | K40: - | M40: Роль удаленная помощь | N40: 12:00 - 21:00 | O40: - | P40: Батуров Вячеслав | Q40: Батуров Вячеслав | R40: Короткевич Артем | S40: Батуров Вячеслав | T40: Батуров Вячеслав | U40: - | V40: - | X40: Руководитель ГСМАиЦП | Y40: 09:00 - 18:00 | Z40: - | AA40: Демин Владимир | AB40: Демин Владимир | AC40: Демин Владимир | AD40: Демин Владимир | AE40: Демин Владимир
B41: Отпуск | C41: - | D41: - | E41: - | F41: - | G41: - | H41: - | I41: - | J41: - | K41: - | M41: Старший сотрудник | N41: 09:00 - 18:00 | O41: - | P41: Зырянов Даниил | Q41: Зырянов Даниил | R41: Зырянов Даниил | S41: Зырянов Даниил | T41: Зырянов Даниил | U41: - | V41: - | X41: Отпуск | Y41: - | Z41: - | AA41: Крутилев Владимир | AB41: Крутилев Владимир | AC41: Крутилев Владимир | AD41: Крутилев Владимир | AE41: Крутилев Владимир | AF41: Крутилев Владимир | AG41: Крутилев Владимир
B42: Отпуск | C42: - | D42: - | E42: - | F42: - | G42: - | H42: - | I42: - | J42: - | K42: - | M42: Старший сотрудник | N42: 12:00 - 21:00 | O42: - | P42: Громов Лев | Q42: Громов Лев | R42: Громов Лев | S42: Громов Лев | T42: Громов Лев | U42: - | V42: - | X42: Отпуск | Y42: - | Z42: -
M43: Отпуск | N43: - | O43: - | P43: - | Q43: - | R43: - | S43: - | T43: - | U43: - | V43: -
B44: 1Л Тех Поддержки | M44: Отпуск | N44: - | O44: - | X44: ГСМАиЦП
B45: Смена | C45: Будние дни | D45: Выходные дни | E45: 45894 | F45: 45895 | G45: 45896 | H45: 45897 | I45: 45898 | J45: 45899 | K45: 45900 | X45: Смена | Y45: Будние дни | Z45: Выходные дни | AA45: 45887 | AB45: 45888 | AC45: 45889 | AD45: 45890 | AE45: 45891 | AF45: 45892 | AG45: 45893
B46: Дневное дежурство | C46: 09:00 - 21:00 | D46: 09:00 - 21:00 | E46: Кобяков Кирилл | F46: Кобяков Кирилл | J46: Кобяков Кирилл | K46: Кобяков Кирилл | M46: 2Л Тех Поддержки | X46: Новый сотрудник | Y46: 09:00 - 21:00 | Z46: - | AA46: - | AB46: - | AC46: Беспалов Роман | AD46: Беспалов Роман | AE46: Беспалов Роман
B47: Дневное дежурство | C47: 09:00 - 21:00 | D47: 09:00 - 21:00 | E47: Бурых Антон | F47: Бурых Антон | J47: Бурых Антон | K47: Бурых Антон | M47: Смена | N47: Будние дни | O47: Выходные дни | P47: 45894 | Q47: 45895 | R47: 45896 | S47: 45897 | T47: 45898 | U47: 45899 | V47: 45900 | X47: Дневное дежурство (Основа) | Y47: 09:00 - 21:00 | Z47: - | AA47: Евсеев Илья | AB47: Евсеев Илья | AC47: - | AD47: - | AE47: - | AF47: Евсеев Илья | AG47: Евсеев Илья
B48: Дневное дежурство | C48: 09:00 - 21:00 | D48: - | G48: Вильмискин Алексей | H48: Вильмискин Алексей | I48: Вильмискин Алексей | J48: - | K48: - | M48: Роль офис | N48: 08:00 - 17:00 | O48: - | P48: Рыбаков Максим | Q48: Рыбаков Максим | R48: Рыбаков Максим | S48: Рыбаков Максим | T48: Рыбаков Максим | U48: - | V48: - | AA48: - | AB48: - | AC48: Полунин Вадим | AD48: Полунин Вадим | AE48: Полунин Вадим | AF48: - | AG48: -
B49: Дневное дежурство | C49: 09:00 - 21:00 | D49: - | G49: Андрианов Владимир | H49: Андрианов Владимир | I49: Андрианов Владимир | J49: - | K49: - | L49: Обучение Володина Алексея и Оборотова Василия очередям в Трекере отв. Крутилев Владимир и Евсеев Илья | M49: Роль аутсорс | N49: 09:00 - 18:00 | O49: - | P49: Пантюх Александр | Q49: Пантюх Александр | R49: Пантюх Александр | S49: Пантюх Александр | T49: Пантюх Александр | U49: - | V49: - | X49: Ночное дежурство | Y49: 21:00 - 09:00 | Z49: - | AA49: Шаповалов Дмитрий | AB49: Шаповалов Дмитрий | AC49: - | AD49: - | AE49: - | AF49: Шаповалов Дмитрий | AG49: Шаповалов Дмитрий | AH49: Обучение Оборотова Василия и Пенкина Максима очередям в Трекере отв. Шаповалов Дмитрий и Комлев Владислав
B50: Ночное дежурство | C50: 21:00 - 09:00 | D50: 21:00 - 09:00 | E50: Володин Алексей | F50: Володин Алексей | J50: Володин Алексей | K50: Володин Алексей | M50: Роль удаленная помощь | N50: 09:00 - 18:00 | O50: - | P50: Батуров Вячеслав | Q50: Батуров Вячеслав | R50: Батуров Вячеслав | S50: Батуров Вячеслав | T50: Батуров Вячеслав | U50: - | V50: - | AA50: - | AB50: - | AC50: Комлев Владислав | AD50: Комлев Владислав | AE50: Комлев Владислав | AF50: - | AG50: -
B51: Ночное дежурство | C51: 21:00 - 09:00 | D51: - | G51: Оборотов Василий | H51: Оборотов Василий | I51: Оборотов Василий | M51: Роль удаленная помощь | N51: 12:00 - 21:00 | O51: - | U51: - | V51: - | X51: Дневное дежурство (Резерв) | Y51: 09:00 - 18:00 | Z51: - | AA51: - | AB51: - | AC51: - | AD51: - | AE51: - | AF51: - | AG51: -
B52: Дневное дежурство | C52: 09:00 - 21:00 | D52: 09:00 - 21:00 | E52: - | F52: - | G52: - | H52: - | I52: - | J52: - | K52: - | M52: Старший сотрудник | N52: 09:00 - 18:00 | O52: - | P52: Громов Лев | Q52: Громов Лев | R52: Громов Лев | S52: Громов Лев | T52: Громов Лев | U52: - | V52: - | X52: Администрирование сервисов | Y52: 09:00 - 18:00 | Z52: -
B53: Дневное дежурство | C53: 09:00 - 18:00 | D53: - | E53: - | F53: - | G53: - | H53: - | I53: - | J53: - | K53: - | M53: Старший сотрудник | N53: 12:00 - 21:00 | O53: - | P53: Зырянов Даниил | Q53: Зырянов Даниил | R53: Зырянов Даниил | S53: Зырянов Даниил | T53: Зырянов Даниил | U53: - | V53: - | X53: Ведущий специалист ГСМАиЦП | Y53: 09:00 - 18:00 | Z53: - | AA53: Букреев Даниил | AB53: Букреев Даниил | AC53: Букреев Даниил | AD53: Букреев Даниил | AE53: Букреев Даниил
B54: Дневное дежурство | C54: 09:00 - 21:00 | D54: - | E54: - | F54: - | G54: - | H54: - | I54: - | J54: - | K54: - | M54: Отпуск | N54: - | O54: - | P54: - | Q54: - | R54: - | S54: - | T54: - | U54: - | V54: - | X54: Руководитель ГСМАиЦП | Y54: 09:00 - 18:00 | Z54: - | AA54: Демин Владимир | AB54: Демин Владимир | AC54: Демин Владимир | AD54: Демин Владимир | AE54: Демин Владимир
B55: Дневное дежурство | C55: 09:00 - 18:00 | D55: - | E55: - | F55: - | G55: - | H55: - | I55: - | J55: - | K55: - | M55: Отпуск | N55: - | O55: - | P55: Короткевич Артем | Q55: Короткевич Артем | R55: Короткевич Артем | S55: Короткевич Артем | T55: Короткевич Артем | U55: Короткевич Артем | V55: Короткевич Артем | X55: Отпуск | Y55: - | Z55: - | AA55: Крутилев Владимир | AB55: Крутилев Владимир | AC55: Крутилев Владимир | AD55: Крутилев Владимир | AE55: Крутилев Владимир | AF55: Крутилев Владимир | AG55: Крутилев Владимир
B56: Старший специалист | C56: 09:00 - 18:00 | D56: - | E56: Вавилова Анна | F56: Вавилова Анна | G56: Вавилова Анна | H56: Вавилова Анна | I56: Вавилова Анна | J56: - | K56: - | X56: Отпуск | Y56: - | Z56: -
B57: Отпуск | C57: - | D57: - | E57: Пенкин Максим | F57: Пенкин Максим | G57: Пенкин Максим | H57: Пенкин Максим | I57: Пенкин Максим | J57: - | K57: -
B58: Отпуск | C58: - | D58: - | E58: - | F58: - | G58: - | H58: - | I58: - | J58: - | K58: - | X58: ГСМАиЦП
X59: Смена | Y59: Будние дни | Z59: Выходные дни | AA59: 45894 | AB59: 45895 | AC59: 45896 | AD59: 45897 | AE59: 45898 | AF59: 45899 | AG59: 45900
X60: Новый сотрудник | Y60: 21:00 - 09:00 | Z60: - | AA60: Беспалов Роман | AB60: Беспалов Роман | AC60: - | AD60: - | AE60: - | AF60: - | AG60: -
X61: Дневное дежурство (Основа) | Y61: 09:00 - 21:00 | Z61: - | AA61: Комлев Владислав | AB61: Комлев Владислав | AC61: - | AD61: - | AE61: - | AF61: Комлев Владислав | AG61: Комлев Владислав
AA62: - | AB62: - | AC62: Полунин Вадим | AD62: Полунин Вадим | AE62: Полунин Вадим | AF62: Беспалов Роман | AG62: Беспалов Роман
X63: Ночное дежурство | Y63: 21:00 - 09:00 | Z63: - | AA63: Крутилев Владимир | AB63: Крутилев Владимир | AC63: - | AD63: - | AE63: - | AF63: Крутилев Владимир | AG63: Крутилев Владимир | AH63: Обучение Володина Алексея и Оборотова Василия очередям в Трекере отв. Крутилев Владимир и Евсеев Илья
AA64: - | AB64: - | AC64: Евсеев Илья | AD64: Евсеев Илья | AE64: Евсеев Илья | AF64: - | AG64: -
X65: Дневное дежурство (Резерв) | Y65: 09:00 - 18:00 | Z65: - | AA65: - | AB65: - | AC65: - | AD65: - | AE65: - | AF65: - | AG65: -
X66: Администрирование сервисов | Y66: 09:00 - 18:00 | Z66: -
X67: Ведущий специалист ГСМАиЦП | Y67: 09:00 - 18:00 | Z67: - | AA67: Букреев Даниил | AB67: Букреев Даниил | AC67: Букреев Даниил | AD67: Букреев Даниил | AE67: Букреев Даниил
X68: Руководитель ГСМАиЦП | Y68: 09:00 - 18:00 | Z68: - | AA68: Демин Владимир | AB68: Демин Владимир | AC68: Демин Владимир | AD68: Демин Владимир | AE68: Демин Владимир
X69: Отпуск | Y69: - | Z69: - | AA69: Шаповалов Дмитрий | AB69: Шаповалов Дмитрий | AC69: Шаповалов Дмитрий | AD69: Шаповалов Дмитрий | AE69: Шаповалов Дмитрий | AF69: Шаповалов Дмитрий | AG69: Шаповалов Дмитрий
X70: Отпуск | Y70: - | Z70: -

Sheet Июнь 2025
A1: о | B1: 1Л ТП + 2Л ТП
B2: Смена | C2: Будние дни | D2: Выходные дни | E2: 45803 | F2: 45804 | G2: 45805 | H2: 45806 | I2: 45807 | J2: 45808 | K2: 45809
B3: Дежурство по офису | C3: 08:00 - 17:00 | D3: - | E3: Короткевич Артем | F3: Короткевич Артем | G3: Короткевич Артем | H3: Короткевич Артем | I3: Короткевич Артем
B4: Утренее дежурство | C4: 08:00 - 17:00 | E4: Андрианов Владимир | F4: Оборотов Василий | G4: Оборотов Василий | H4: Оборотов Василий | I4: Оборотов Василий
B5: Утренее дежурство | C5: 08:00 - 17:00 | D5: - | E5: Пенкин Максим | F5: Пенкин Максим | G5: Пенкин Максим | H5: Пенкин Максим | I5: Пенкин Максим
B6: Вечернее дежурство | C6: 13:00 - 21:00 | D6: - | E6: Папаев Павел | F6: Папаев Павел | G6: Папаев Павел | H6: Папаев Павел | I6: Папаев Павел
B7: Вечернее дежурство | C7: 13:00 - 21:00 | D7: - | E7: Оборотов Василий | F7: Андрианов Владимир | G7: Андрианов Владимир | H7: Андрианов Владимир | I7: Андрианов Владимир
B8: Вечернее дежурство | C8: 13:00 - 21:00 | D8: - | E8: Володин Алексей | F8: Володин Алексей | G8: Володин Алексей | H8: Володин Алексей | I8: Володин Алексей
B9: Ночное дежурство | C9: 21:00 - 09:00 | D9: 21:00 - 09:00 | E9: Пантюх Александр | F9: Пантюх Александр | J9: Пантюх Александр | K9: Пантюх Александр
B10: Ночное дежурство | C10: 21:00 - 09:00 | D10: 21:00 - 09:00 | G10: Батуров Вячеслав | H10: Батуров Вячеслав | I10: Батуров Вячеслав
B11: Решение инцидентов и Выходное дежурство | C11: 09:00 - 18:00 | D11: 09:00 - 21:00 | E11: Рыбаков Максим | F11: Рыбаков Максим | G11: - | H11: - | I11: - | J11: Рыбаков Максим | K11: Рыбаков Максим
B12: Решение инцидентов и Выходное дежурство | C12: 09:00 - 18:00 | D12: 09:00 - 21:00 | E12: - | F12: - | G12: Громов Лев | H12: Громов Лев | I12: Громов Лев
B13: Управление ИТ-услугами | C13: 09:00 - 18:00 | D13: - | E13: Кобяков Кирилл | F13: Кобяков Кирилл | G13: Кобяков Кирилл | H13: Кобяков Кирилл | I13: Кобяков Кирилл
B14: Управление ИТ-услугами | C14: 09:00 - 18:00 | D14: - | E14: Зырянов Даниил | F14: Зырянов Даниил | G14: Зырянов Даниил | H14: Зырянов Даниил | I14: Зырянов Даниил
B15: Разбор претензий | C15: 09:00 - 18:00 | D15: - | E15: Вавилова Анна | F15: Вавилова Анна | G15: Вавилова Анна | H15: Вавилова Анна | I15: Вавилова Анна
B16: Разбор претензий | C16: 09:00 - 18:00 | D16: - | E16: - | F16: - | G16: - | H16: - | I16: -
B17: Руководитель второй линии | C17: 09:00 - 18:00 | D17: - | E17: Баженов Артем | F17: Баженов Артем | G17: Баженов Артем | H17: Баженов Артем | I17: Баженов Артем
B18: Отпуск | C18: - | D18: -
B19: Группа сопровождения микросервисной архитектуры и цифровых продуктов
B20: Новый сотрудник | C20: 09:00 - 18:00 | D20: - | E20: - | F20: - | G20: - | H20: - | I20: -
B21: Дневное дежурство (Основа) | C21: 09:00 - 21:00 | D21: - | E21: Крутилев Владимир | F21: Крутилев Владимир | G21: - | H21: - | I21: - | J21: Крутилев Владимир | K21: Крутилев Владимир
E22: - | F22: - | G22: Евсеев Илья | H22: Евсеев Илья | I22: Евсеев Илья | J22: - | K22: -
B23: Ночное дежурство | C23: 21:00 - 09:00 | D23: - | E23: Полунин Вадим | F23: Полунин Вадим | G23: - | H23: - | I23: - | J23: Полунин Вадим | K23: Полунин Вадим
E24: - | F24: - | G24: Комлев Владислав | H24: Комлев Владислав | I24: Комлев Владислав | J24: - | K24: -
B25: Дневное дежурство (Резерв) | C25: 09:00 - 18:00 | D25: - | J25: - | K25: -
B26: Администрирование сервисов | C26: 09:00 - 18:00 | D26: - | E26: Букреев Даниил | F26: Букреев Даниил | G26: Букреев Даниил | H26: Букреев Даниил | I26: Букреев Даниил | J26: - | K26: -
B27: Ведущий специалист ГСМАиЦП | C27: 09:00 - 18:00 | D27: - | E27: Стальмаков Никита | F27: Стальмаков Никита | G27: Стальмаков Никита | H27: Стальмаков Никита | I27: Стальмаков Никита | J27: - | K27: -
B28: Руководитель ГСМАиЦП | C28: 09:00 - 18:00 | D28: - | E28: Демин Владимир | F28: Демин Владимир | G28: Демин Владимир | H28: Демин Владимир | I28: Демин Владимир | J28: - | K28: -
B29: Отпуск | C29: - | D29: - | E29: Шаповалов Дмитрий | F29: Шаповалов Дмитрий | G29: Шаповалов Дмитрий | H29: Шаповалов Дмитрий | I29: Шаповалов Дмитрий | J29: - | K29: -
B30: Отпуск | C30: - | D30: - | E30: - | F30: - | G30: - | H30: - | I30: - | J30: - | K30: -
B31: Отпуск | C31: - | D31: -
B33: 1 Линия технической поддержки\2 Линия технической поддержки
B34: Смена | C34: Будние дни | D34: Выходные дни | E34: 45810 | F34: 45811 | G34: 45812 | H34: 45813 | I34: 45814 | J34: 45815 | K34: 45816
B35: Дежурство по офису | C35: 08:00 - 17:00 | D35: - | E35: Короткевич Артем | F35: Короткевич Артем | G35: Короткевич Артем | H35: Короткевич Артем | I35: Короткевич Артем
B36: Утренее дежурство | C36: 08:00 - 17:00 | D36: - | E36: Володин Алексей | F36: Володин Алексей | G36: Володин Алексей | H36: Володин Алексей | I36: Володин Алексей | L36: Обучение Андрианова Владимира утреннему дежурству отв. Батуров В\Рыбаков М\Зырянов Д
C37: 08:00 - 17:00 | D37: - | E37: Оборотов Василий | F37: Андрианов Владимир | G37: Андрианов Владимир | H37: Андрианов Владимир | I37: Андрианов Владимир
B38: Вечернее дежурство | C38: 13:00 - 21:00 | D38: - | E38: Папаев Павел | F38: Папаев Павел | G38: Папаев Павел | H38: Папаев Павел | I38: Папаев Павел | L38: Обучение Оборотова Василия вечернему дежурству отв. Батуров В\Рыбаков М\Зырянов Д
C39: 13:00 - 21:00 | D39: - | E39: Андрианов Владимир | F39: Оборотов Василий | G39: Оборотов Василий | H39: Оборотов Василий | I39: Оборотов Василий
B40: Ночное дежурство | C40: 21:00 - 09:00 | D40: 21:00 - 09:00 | E40: Пенкин Максим | F40: Пенкин Максим | J40: Пенкин Максим | K40: Пенкин Максим | L40: Обучение Пенкина Максима очередям в Трекере отв. ночной дежурный группы сопровождения
B41: Ночное дежурство | C41: 21:00 - 09:00 | D41: 21:00 - 09:00 | G41: Пантюх Александр | H41: Пантюх Александр | I41: Пантюх Александр
B42: Решение инцидентов и Выходное дежурство | C42: 09:00 - 18:00 | D42: 09:00 - 21:00 | E42: Батуров Вячеслав | F42: Батуров Вячеслав | J42: Батуров Вячеслав | K42: Батуров Вячеслав
B43: Решение инцидентов и Выходное дежурство | C43: 09:00 - 18:00 | D43: 09:00 - 21:00 | G43: Рыбаков Максим | H43: Зырянов Даниил | I43: Зырянов Даниил | L43: Рыбаков Максим - 2 отгула (чт, пт - выходные)
B44: Управление ИТ-услугами | C44: 09:00 - 18:00 | D44: - | E44: Кобяков Кирилл | F44: Кобяков Кирилл | G44: Кобяков Кирилл | H44: Кобяков Кирилл | I44: Кобяков Кирилл | L44: Обучение Кобякова Кирилла аутсорсу отв. Зырянов Даниил
C45: 09:00 - 18:00 | D45: - | E45: Зырянов Даниил | F45: Зырянов Даниил | G45: Зырянов Даниил | H45: - | I45: -
B46: Разбор претензий | C46: 09:00 - 18:00 | D46: - | E46: Вавилова Анна | F46: Вавилова Анна | G46: Вавилова Анна | H46: Вавилова Анна | I46: Вавилова Анна
B47: Разбор претензий | C47: 09:00 - 18:00 | D47: - | E47: - | F47: - | G47: - | H47: - | I47: -
B48: Старший сотрудник второй линии | C48: 09:00 - 18:00 | D48: - | E48: - | F48: - | G48: - | H48: - | I48: -
B49: Отпуск | C49: - | D49: - | E49: Громов Лев | F49: Громов Лев | G49: Громов Лев | H49: Громов Лев | I49: Громов Лев | J49: Громов Лев | K49: Громов Лев
B50: Группа сопровождения микросервисной архитектуры и цифровых продуктов
B51: Новый сотрудник | C51: 09:00 - 18:00 | D51: - | E51: - | F51: - | G51: - | H51: - | I51: -
B52: Дневное дежурство (Основа) | C52: 09:00 - 21:00 | D52: - | E52: Комлев Владислав | F52: Комлев Владислав | G52: - | H52: - | I52: - | J52: Комлев Владислав | K52: Комлев Владислав
E53: - | F53: - | G53: Крутилев Владимир | H53: Крутилев Владимир | I53: Крутилев Владимир | J53: - | K53: -
B54: Ночное дежурство | C54: 21:00 - 09:00 | D54: - | E54: Евсеев Илья | F54: Евсеев Илья | G54: - | H54: - | I54: - | J54: Евсеев Илья | K54: Евсеев Илья
G55: Полунин Вадим | H55: Полунин Вадим | I55: Полунин Вадим
B56: Дневное дежурство (Резерв) | C56: 09:00 - 18:00 | D56: - | E56: - | F56: - | G56: - | H56: - | I56: - | J56: - | K56: -
B57: Администрирование сервисов | C57: 09:00 - 18:00 | D57: - | E57: Букреев Даниил | F57: Букреев Даниил | G57: Букреев Даниил | H57: Букреев Даниил | I57: Букреев Даниил | J57: - | K57: -
B58: Ведущий специалист ГСМАиЦП | C58: 09:00 - 18:00 | D58: - | E58: Стальмаков Никита | F58: Стальмаков Никита | G58: Стальмаков Никита | H58: Стальмаков Никита | I58: Стальмаков Никита | J58: - | K58: -
B59: Руководитель ГСМАиЦП | C59: 09:00 - 18:00 | D59: - | E59: Демин Владимир | F59: Демин Владимир | G59: Демин Владимир | H59: Демин Владимир | I59: Демин Владимир | J59: - | K59: -
B60: Отпуск | C60: - | D60: - | E60: Шаповалов Дмитрий | F60: Шаповалов Дмитрий | G60: Шаповалов Дмитрий | H60: Шаповалов Дмитрий | I60: Шаповалов Дмитрий | J60: Шаповалов Дмитрий | K60: Шаповалов Дмитрий
B61: Отпуск | C61: - | D61: -
B63: 1 Линия технической поддержки\2 Линия технической поддержки
B64: Смена | C64: Будние дни | D64: Выходные дни | E64: 45817 | F64: 45818 | G64: 45819 | H64: 45820 | I64: 45821 | J64: 45822 | K64: 45823
B65: Дежурство по офису | C65: 08:00 - 17:00 | D65: - | E65: Короткевич Артем | F65: Короткевич Артем | G65: Короткевич Артем
B66: Утренее дежурство | C66: 08:00 - 17:00 | D66: - | E66: Папаев Павел | F66: Папаев Павел | G66: Андрианов Владимир | L66: Обучение Оборотова Василия утреннему дежурству отв. Батуров В\Пантюх С\Громов Л
C67: 08:00 - 17:00 | D67: - | E67: Оборотов Василий | F67: Оборотов Василий | G67: Оборотов Василий
B68: Вечернее дежурство | C68: 13:00 - 21:00 | D68: - | E68: Андрианов Владимир | F68: Андрианов Владимир | G68: Папаев Павел | L68: Обучение Андрианова Владимира вечернему дежурству отв. Батуров В\Пантюх С\Громов Л
C69: 13:00 - 21:00 | D69: - | E69: Володин Алексей | F69: Володин Алексей | G69: -
B70: Ночное дежурство | C70: 21:00 - 09:00 | D70: 21:00 - 09:00 | E70: Зырянов Даниил | F70: Зырянов Даниил | J70: Зырянов Даниил | K70: Зырянов Даниил | L70: Обучение Кобякова Кирилла очередям в Трекере отв. ночной дежурный группы сопровождения Обучение Кобякова Кирилла обработки обращений в ав365 + удаленка отв. Зырянов Даниил
B71: Ночное дежурство | C71: 21:00 - 09:00 | D71: 21:00 - 09:00 | E71: Кобяков Кирилл | F71: Кобяков Кирилл | J71: Кобяков Кирилл | K71: Кобяков Кирилл
B72: Ночное дежурство | C72: 21:00 - 09:00 | D72: 21:00 - 09:00 | G72: Пенкин Максим | H72: Пенкин Максим | I72: Пенкин Максим | L72: Обучение Пенкина Максима очередям в Трекере отв. ночной дежурный группы сопровождения
B73: Решение инцидентов и Выходное дежурство | C73: 09:00 - 18:00 | D73: 09:00 - 21:00 | E73: Пантюх Александр | F73: Пантюх Александр | J73: Пантюх Александр | K73: Пантюх Александр
B74: Решение инцидентов и Выходное дежурство | C74: 09:00 - 18:00 | D74: 09:00 - 21:00 | G74: Володин Алексей | H74: Пантюх Александр | I74: Громов Лев
B75: Управление ИТ-услугами | C75: 09:00 - 18:00 | D75: - | E75: Громов Лев | F75: Громов Лев | G75: Громов Лев
B76: Разбор претензий | C76: 09:00 - 18:00 | D76: - | E76: Вавилова Анна | F76: Вавилова Анна | G76: Вавилова Анна
B77: Разбор претензий | C77: 09:00 - 18:00 | D77: - | E77: - | F77: - | G77: -
B78: Старший сотрудник второй линии | C78: 09:00 - 18:00 | D78: - | E78: - | F78: - | G78: -
B79: Больничный | C79: - | D79: - | E79: - | F79: - | G79: Батуров Вячеслав | H79: Батуров Вячеслав | I79: Батуров Вячеслав | J79: - | K79: -
B80: Отпуск | C80: - | D80: - | E80: Рыбаков Максим | F80: Рыбаков Максим | G80: Рыбаков Максим | H80: Рыбаков Максим | I80: Рыбаков Максим | J80: Рыбаков Максим | K80: Рыбаков Максим
B81: Группа сопровождения микросервисной архитектуры и цифровых продуктов
B82: Новый сотрудник | C82: 09:00 - 18:00 | D82: - | E82: - | F82: - | G82: - | H82: - | I82: -
B83: Дневное дежурство (Основа) | C83: 09:00 - 21:00 | D83: - | E83: Шаповалов Дмитрий | F83: Шаповалов Дмитрий | G83: - | H83: - | I83: - | J83: Шаповалов Дмитрий | K83: Шаповалов Дмитрий
G84: Комлев Владислав | H84: Комлев Владислав | I84: Комлев Владислав
B85: Ночное дежурство | C85: 21:00 - 09:00 | D85: - | E85: Крутилев Владимир | F85: Крутилев Владимир | G85: - | H85: - | I85: - | J85: Крутилев Владимир | K85: Крутилев Владимир
G86: Евсеев Илья | H86: Евсеев Илья | I86: Евсеев Илья | J86: - | K86: -
B87: Дневное дежурство (Резерв) | C87: 09:00 - 18:00 | D87: - | E87: Полунин Вадим | F87: Полунин Вадим | G87: - | H87: - | I87: - | J87: - | K87: - | L87: Отгул
B88: Администрирование сервисов | C88: 09:00 - 18:00 | D88: - | E88: Букреев Даниил | F88: Букреев Даниил | G88: Букреев Даниил | H88: - | I88: - | J88: - | K88: -
B89: Ведущий специалист ГСМАиЦП | C89: 09:00 - 18:00 | D89: - | E89: Стальмаков Никита | F89: Стальмаков Никита | G89: Стальмаков Никита | H89: - | I89: - | J89: - | K89: -
B90: Руководитель ГСМАиЦП | C90: 09:00 - 18:00 | D90: - | E90: Демин Владимир | F90: Демин Владимир | G90: Демин Владимир | H90: - | I90: - | J90: - | K90: -
B91: Отпуск | C91: - | D91: -
B92: Отпуск | C92: - | D92: -
B94: 1 Линия технической поддержки\2 Линия технической поддержки
B95: Смена | C95: Будние дни | D95: Выходные дни | E95: 45824 | F95: 45825 | G95: 45826 | H95: 45827 | I95: 45828 | J95: 45829 | K95: 45830
B96: Дежурство по офису | C96: 08:00 - 17:00 | D96: - | E96: Короткевич Артем | F96: Короткевич Артем | G96: Короткевич Артем | H96: Короткевич Артем | I96: Короткевич Артем
B97: Утренее дежурство | C97: 08:00 - 17:00 | D97: - | E97: Оборотов Василий | F97: Папаев Павел | G97: Папаев Павел | H97: Папаев Павел | I97: Оборотов Василий | L97: Папаева Павла страхует Батуров В\Пенкин М\Пантюх А
B98: Вечернее дежурство | C98: 13:00 - 21:00 | D98: - | E98: Батуров Вячеслав | F98: Батуров Вячеслав | G98: - | H98: Пантюх Александр | I98: Пантюх Александр | L98: Обучение Оборотова Василия вечернему дежурству отв. Батуров Вячеслав
B99: Вечернее дежурство | C99: 13:00 - 21:00 | D99: - | E99: Папаев Павел | F99: Оборотов Василий | G99: Оборотов Василий | H99: Оборотов Василий | I99: Папаев Павел
B100: Ночное дежурство | C100: 21:00 - 09:00 | D100: 21:00 - 09:00 | E100: Кобяков Кирилл | F100: Кобяков Кирилл | J100: Кобяков Кирилл | K100: Кобяков Кирилл | L100: Обучение Кобякова Кирилла очередям в Трекере отв. ночной дежурный группы сопровождения
B101: Ночное дежурство | C101: 21:00 - 09:00 | D101: 21:00 - 09:00 | G101: Зырянов Даниил | H101: Зырянов Даниил | I101: Зырянов Даниил | L101: Обучение Володина Алексея очередям в Трекере отв. ночной дежурный группы сопровождения Обучение Володина Алексея обработки обращений в ав365 + удаленка отв. Зырянов Даниил
B102: Ночное дежурство | C102: 21:00 - 09:00 | D102: 21:00 - 09:00 | G102: Володин Алексей | H102: Володин Алексей | I102: Володин Алексей
B103: Решение инцидентов и Выходное дежурство | C103: 09:00 - 18:00 | D103: 09:00 - 21:00 | E103: Пенкин Максим | F103: Пенкин Максим | J103: Пантюх Александр | K103: Пантюх Александр
...

Sheet Сентябрь 2025
B2: 1Л Тех Поддержки | M2: 2Л Тех Поддержки | X2: ГСМАиЦП
B3: Смена | C3: Будние дни | D3: Выходные дни | E3: 45901 | F3: 45902 | G3: 45903 | H3: 45904 | I3: 45905 | J3: 45906 | K3: 45907 | M3: Смена | N3: Будние дни | O3: Выходные дни | P3: 45901 | Q3: 45902 | R3: 45903 | S3: 45904 | T3: 45905 | U3: 45906 | V3: 45907 | X3: Смена | Y3: Будние дни | Z3: Выходные дни | AA3: 45901 | AB3: 45902 | AC3: 45903 | AD3: 45904 | AE3: 45905 | AF3: 45906 | AG3: 45907
B4: Дневное дежурство | C4: 09:00 - 21:00 | D4: 09:00 - 21:00 | E4: Оборотов Василий | F4: Оборотов Василий | G4: - | H4: - | I4: - | J4: Оборотов Василий | K4: Оборотов Василий | M4: Новый сотрудник | N4: 09:00 - 18:00 | O4: - | P4: Пак Тимур | Q4: Пак Тимур | R4: Пак Тимур | S4: Пак Тимур | T4: Пак Тимур | U4: - | V4: - | X4: Новый сотрудник | Y4: 09:00 - 21:00 | Z4: - | AA4: - | AB4: - | AC4: Беспалов Роман | AD4: Беспалов Роман | AE4: Беспалов Роман | AF4: - | AG4: -
B5: Дневное дежурство | C5: 09:00 - 21:00 | D5: 09:00 - 21:00 | E5: - | F5: - | G5: - | H5: - | I5: - | J5: - | K5: - | M5: Роль офис | N5: 08:00 - 17:00 | O5: - | P5: Короткевич Артем | Q5: Короткевич Артем | R5: Короткевич Артем | S5: Короткевич Артем | T5: Короткевич Артем | U5: - | V5: - | W5: Обучение Пак Тимура отв. Короткевич Артем | X5: Дневное дежурство (Основа) | Y5: 09:00 - 21:00 | Z5: - | AA5: Полунин Вадим | AB5: Полунин Вадим | AC5: - | AD5: - | AE5: - | AF5: Полунин Вадим | AG5: Полунин Вадим
B6: Дневное дежурство | C6: 09:00 - 21:00 | D6: - | E6: - | F6: - | G6: Кобяков Кирилл | H6: Кобяков Кирилл | I6: Кобяков Кирилл | J6: - | K6: - | M6: Роль аутсорс | N6: 09:00 - 18:00 | O6: - | P6: Рыбаков Максим | Q6: Рыбаков Максим | R6: Рыбаков Максим | S6: Рыбаков Максим | T6: Рыбаков Максим | U6: - | V6: - | AA6: - | AB6: - | AC6: Комлев Владислав | AD6: Комлев Владислав | AE6: Комлев Владислав | AF6: - | AG6: -
B7: Дневное дежурство | C7: 09:00 - 21:00 | D7: - | E7: - | F7: - | G7: Бурых Антон | H7: Бурых Антон | I7: Бурых Антон | J7: - | K7: - | M7: Роль удаленная помощь | N7: 09:00 - 18:00 | O7: - | U7: - | V7: - | X7: Ночное дежурство | Y7: 21:00 - 09:00 | Z7: - | AA7: Евсеев Илья | AB7: Евсеев Илья | AC7: - | AD7: - | AE7: - | AF7: Евсеев Илья | AG7: Евсеев Илья
B8: Ночное дежурство | C8: 21:00 - 09:00 | D8: 21:00 - 09:00 | E8: Вильмискин Алексей | F8: Вильмискин Алексей | J8: Вильмискин Алексей | K8: Вильмискин Алексей | L8: Обучение Вильмискина Алексея и Андрианова Владимира очередям в Трекере отв. Крутилев Владимир и Евсеев Илья | M8: Роль удаленная помощь | N8: 12:00 - 21:00 | O8: - | P8: Батуров Вячеслав | Q8: Батуров Вячеслав | R8: Батуров Вячеслав | S8: Батуров Вячеслав | T8: Батуров Вячеслав | U8: - | V8: - | AA8: - | AB8: - | AC8: Крутилев Владимир | AD8: Крутилев Владимир | AE8: Крутилев Владимир | AF8: - | AG8: -
B9: Ночное дежурство | C9: 21:00 - 09:00 | D9: 21:00 - 09:00 | E9: Андрианов Владимир | F9: Андрианов Владимир | J9: Андрианов Владимир | K9: Андрианов Владимир | M9: Старший сотрудник | N9: 09:00 - 18:00 | O9: - | P9: Зырянов Даниил | Q9: Зырянов Даниил | R9: Зырянов Даниил | S9: Зырянов Даниил | T9: Зырянов Даниил | U9: - | V9: - | X9: Дневное дежурство (Резерв) | Y9: 09:00 - 18:00 | Z9: - | AA9: - | AB9: - | AC9: - | AD9: - | AE9: - | AF9: - | AG9: -
B10: Ночное дежурство | C10: 21:00 - 09:00 | D10: - | G10: Володин Алексей | H10: Володин Алексей | I10: Володин Алексей | M10: Старший сотрудник | N10: 12:00 - 21:00 | O10: - | U10: - | V10: - | X10: Администрирование сервисов | Y10: 09:00 - 18:00 | Z10: - | AA10: - | AB10: - | AC10: - | AD10: - | AE10: - | AF10: - | AG10: -
B11: Дневное дежурство | C11: 09:00 - 21:00 | D11: 09:00 - 21:00 | E11: - | F11: - | G11: - | H11: - | I11: - | J11: - | K11: - | M11: Руководитель 2Л | N11: 09:00 - 18:00 | O11: - | P11: Громов Лев | Q11: Громов Лев | R11: Громов Лев | S11: Громов Лев | T11: Громов Лев | U11: - | V11: - | X11: Ведущий специалист ГСМАиЦП | Y11: 09:00 - 18:00 | Z11: - | AA11: Букреев Даниил | AB11: Букреев Даниил | AC11: Букреев Даниил | AD11: Букреев Даниил | AE11: Букреев Даниил | AF11: - | AG11: -
B12: Дневное дежурство | C12: 09:00 - 18:00 | D12: - | E12: - | F12: - | G12: - | H12: - | I12: - | J12: - | K12: - | M12: Отпуск | N12: - | O12: - | P12: Пантюх Александр | Q12: Пантюх Александр | R12: Пантюх Александр | S12: Пантюх Александр | T12: Пантюх Александр | U12: Пантюх Александр | V12: Пантюх Александр | X12: Руководитель ГСМАиЦП | Y12: 09:00 - 18:00 | Z12: - | AA12: Демин Владимир | AB12: Демин Владимир | AC12: Демин Владимир | AD12: Демин Владимир | AE12: Демин Владимир | AF12: - | AG12: -
B13: Дневное дежурство | C13: 09:00 - 21:00 | D13: - | E13: - | F13: - | G13: - | H13: - | I13: - | J13: - | K13: - | M13: Отпуск | N13: - | O13: - | P13: - | Q13: - | R13: - | S13: - | T13: - | U13: - | V13: - | X13: Отпуск | Y13: - | Z13: - | AA13: Шаповалов Дмитрий | AB13: Шаповалов Дмитрий | AC13: Шаповалов Дмитрий | AD13: Шаповалов Дмитрий | AE13: Шаповалов Дмитрий | AF13: Шаповалов Дмитрий | AG13: Шаповалов Дмитрий
B14: Дневное дежурство | C14: 09:00 - 18:00 | D14: - | E14: - | F14: - | G14: - | H14: - | I14: - | J14: - | K14: - | X14: Отпуск | Y14: - | Z14: -
B15: Старший специалист | C15: 09:00 - 18:00 | D15: - | E15: - | F15: - | G15: - | H15: - | I15: - | J15: - | K15: - | M15: 2Л Тех Поддержки
B16: Отпуск | C16: - | D16: - | E16: Пенкин Максим | F16: Пенкин Максим | G16: Пенкин Максим | H16: Пенкин Максим | I16: Пенкин Максим | J16: Пенкин Максим | K16: Пенкин Максим | M16: Смена | N16: Будние дни | O16: Выходные дни | P16: 45908 | Q16: 45909 | R16: 45910 | S16: 45911 | T16: 45912 | U16: 45913 | V16: 45914 | X16: ГСМАиЦП
B17: Отпуск | C17: - | D17: - | E17: Вавилова Анна | F17: Вавилова Анна | G17: Вавилова Анна | H17: Вавилова Анна | I17: Вавилова Анна | J17: Вавилова Анна | K17: Вавилова Анна | M17: Новый сотрудник | N17: 09:00 - 18:00 | O17: - | P17: Пак Тимур | Q17: Пак Тимур | R17: Пак Тимур | S17: Пак Тимур | T17: Пак Тимур | U17: - | V17: - | X17: Смена | Y17: Будние дни | Z17: Выходные дни | AA17: 45908 | AB17: 45909 | AC17: 45910 | AD17: 45911 | AE17: 45912 | AF17: 45913 | AG17: 45914
M18: Роль офис | N18: 08:00 - 17:00 | O18: - | P18: Короткевич Артем | Q18: Короткевич Артем | R18: Короткевич Артем | S18: Короткевич Артем | T18: Короткевич Артем | U18: - | V18: - | W18: Обучение Пак Тимура отв. Короткевич Артем | X18: Новый сотрудник | Y18: 09:00 -21:00 | Z18: - | AA18: Беспалов Роман | AB18: Беспалов Роман | AC18: - | AD18: - | AE18: - | AF18: Беспалов Роман | AG18: Беспалов Роман
B19: 1Л Тех Поддержки | M19: Роль аутсорс | N19: 09:00 - 18:00 | O19: - | P19: Рыбаков Максим | Q19: Рыбаков Максим | R19: Рыбаков Максим | S19: Рыбаков Максим | T19: Рыбаков Максим | U19: - | V19: - | X19: Дневное дежурство (Основа) | Y19: 09:00 - 21:00 | Z19: - | AA19: Крутилев Владимир | AB19: Крутилев Владимир | AC19: - | AD19: - | AE19: - | AF19: Крутилев Владимир | AG19: Крутилев Владимир
B20: Смена | C20: Будние дни | D20: Выходные дни | E20: 45908 | F20: 45909 | G20: 45910 | H20: 45911 | I20: 45912 | J20: 45913 | K20: 45914 | M20: Роль удаленная помощь | N20: 09:00 - 18:00 | O20: - | U20: - | V20: - | AA20: - | AB20: - | AC20: Евсеев Илья | AD20: Евсеев Илья | AE20: Евсеев Илья | AF20: - | AG20: -
B21: Дневное дежурство | C21: 09:00 - 21:00 | D21: 09:00 - 21:00 | E21: Пенкин Максим | F21: Пенкин Максим | G21: - | H21: - | I21: - | J21: Пенкин Максим | K21: Пенкин Максим | M21: Роль удаленная помощь | N21: 12:00 - 21:00 | O21: - | U21: - | V21: - | X21: Ночное дежурство | Y21: 21:00 - 09:00 | Z21: - | AA21: Шаповалов Дмитрий | AB21: Шаповалов Дмитрий | AC21: - | AD21: - | AE21: - | AF21: Шаповалов Дмитрий | AG21: Шаповалов Дмитрий
B22: Дневное дежурство | C22: 09:00 - 21:00 | D22: - | E22: - | F22: - | G22: Оборотов Василий | H22: Оборотов Василий | I22: Оборотов Василий | J22: - | K22: - | M22: Старший сотрудник | N22: 09:00 - 18:00 | O22: - | P22: Батуров Вячеслав | Q22: Батуров Вячеслав | R22: Батуров Вячеслав | S22: Батуров Вячеслав | T22: Батуров Вячеслав | U22: - | V22: - | AA22: - | AB22: - | AC22: Комлев Владислав | AD22: Комлев Владислав | AE22: Комлев Владислав | AF22: - | AG22: -
B23: Дневное дежурство | C23: 09:00 - 21:00 | D23: - | E23: - | F23: - | G23: - | H23: - | I23: - | J23: - | K23: - | M23: Старший сотрудник | N23: 12:00 - 21:00 | O23: - | P23: Зырянов Даниил | Q23: Зырянов Даниил | R23: Зырянов Даниил | S23: Зырянов Даниил | T23: Зырянов Даниил | U23: - | V23: - | X23: Дневное дежурство (Резерв) | Y23: 09:00 - 18:00 | Z23: - | AA23: - | AB23: - | AC23: - | AD23: - | AE23: - | AF23: - | AG23: -
B24: Дневное дежурство | C24: 09:00 - 21:00 | D24: 21:00 - 09:00 | E24: Кобяков Кирилл | F24: Кобяков Кирилл | G24: - | H24: - | I24: - | J24: Кобяков Кирилл | K24: Кобяков Кирилл | M24: Руководитель 2Л | N24: 09:00 - 18:00 | O24: - | P24: Громов Лев | Q24: Громов Лев | R24: Громов Лев | S24: Громов Лев | T24: Громов Лев | U24: - | V24: - | X24: Администрирование сервисов | Y24: 09:00 - 18:00 | Z24: - | AA24: - | AB24: - | AC24: Полунин Вадим | AD24: Полунин Вадим | AE24: Полунин Вадим
B25: Дневное дежурство | C25: 09:00 - 21:00 | D25: 21:00 - 09:00 | E25: Бурых Антон | F25: Бурых Антон | G25: - | H25: - | I25: - | J25: Бурых Антон | K25: Бурых Антон | M25: Отпуск | N25: - | O25: - | P25: Пантюх Александр | Q25: Пантюх Александр | R25: Пантюх Александр | S25: Пантюх Александр | T25: Пантюх Александр | U25: Пантюх Александр | V25: Пантюх Александр | X25: Ведущий специалист ГСМАиЦП | Y25: 09:00 - 18:00 | Z25: - | AA25: Букреев Даниил | AB25: Букреев Даниил | AC25: Букреев Даниил | AD25: Букреев Даниил | AE25: Букреев Даниил
B26: Дневное дежурство | C26: 09:00 - 21:00 | D26: - | E26: - | F26: - | G26: Андрианов Владимир | H26: Андрианов Владимир | I26: Андрианов Владимир | J26: - | K26: - | M26: Отпуск | N26: - | O26: - | P26: - | Q26: - | R26: - | S26: - | T26: - | U26: - | V26: - | X26: Руководитель ГСМАиЦП | Y26: 09:00 - 18:00 | Z26: - | AA26: Демин Владимир | AB26: Демин Владимир | AC26: Демин Владимир | AD26: Демин Владимир | AE26: Демин Владимир
B27: Ночное дежурство | C27: 21:00 - 09:00 | D27: - | E27: - | F27: - | G27: Вильмискин Алексей | H27: Вильмискин Алексей | I27: Вильмискин Алексей | J27: - | K27: - | L27: Обучение Вильмискина Алексея очередям в Трекере отв. Шаповалов Дмитрий и Комлев Владислав | X27: Отпуск | Y27: - | Z27: -
B28: Ночное дежурство | C28: 21:00 - 09:00 | D28: - | M28: 2Л Тех Поддержки | X28: Отпуск | Y28: - | Z28: -
B29: Дневное дежурство | C29: 09:00 - 21:00 | D29: 09:00 - 21:00 | E29: - | F29: - | G29: - | H29: - | I29: - | J29: - | K29: - | M29: Смена | N29: Будние дни | O29: Выходные дни | P29: 45915 | Q29: 45916 | R29: 45917 | S29: 45918 | T29: 45919 | U29: 45920 | V29: 45921
B30: Дневное дежурство | C30: 09:00 - 18:00 | D30: - | E30: Володин Алексей | F30: Володин Алексей | G30: Володин Алексей | H30: Володин Алексей | I30: Володин Алексей | J30: - | K30: - | M30: Новый сотрудник | N30: 09:00 - 18:00 | O30: - | P30: - | Q30: - | R30: - | S30: - | T30: - | U30: - | V30: - | X30: ГСМАиЦП
B31: Дневное дежурство | C31: 09:00 - 21:00 | D31: - | E31: - | F31: - | G31: - | H31: - | I31: - | J31: - | K31: - | M31: Роль офис | N31: 08:00 - 17:00 | O31: - | P31: Пак Тимур | Q31: Пак Тимур | R31: Пак Тимур | S31: Пак Тимур | T31: Пак Тимур | U31: - | V31: - | X31: Смена | Y31: Будние дни | Z31: Выходные дни | AA31: 45915 | AB31: 45916 | AC31: 45917 | AD31: 45918 | AE31: 45919 | AF31: 45920 | AG31: 45921
B32: Дневное дежурство | C32: 09:00 - 18:00 | D32: - | E32: - | F32: - | G32: - | H32: - | I32: - | J32: - | K32: - | M32: Роль аутсорс | N32: 09:00 - 18:00 | O32: - | P32: Пантюх Александр | Q32: Рыбаков Максим | R32: Рыбаков Максим | S32: Рыбаков Максим | T32: Рыбаков Максим | U32: - | V32: - | X32: Новый сотрудник | Y32: 09:00 - 21:00 | Z32: - | AA32: - | AB32: - | AC32: Беспалов Роман | AD32: Беспалов Роман | AE32: Беспалов Роман | AF32: - | AG32: -
B33: Старший специалист | C33: 09:00 - 18:00 | D33: - | E33: - | F33: - | G33: - | H33: - | I33: - | J33: - | K33: - | M33: Роль удаленная помощь | N33: 09:00 - 18:00 | O33: - | P33: Рыбаков Максим | U33: - | V33: - | X33: Дневное дежурство (Основа) | Y33: 09:00 - 21:00 | Z33: - | AA33: Евсеев Илья | AB33: Евсеев Илья | AC33: - | AD33: - | AE33: - | AF33: Евсеев Илья | AG33: Евсеев Илья
B34: Отпуск | C34: - | D34: - | E34: Вавилова Анна | F34: Вавилова Анна | G34: Вавилова Анна | H34: Вавилова Анна | I34: Вавилова Анна | J34: Вавилова Анна | K34: Вавилова Анна | M34: Роль удаленная помощь | N34: 12:00 - 21:00 | O34: - | Q34: Пантюх Александр | R34: Пантюх Александр | S34: Пантюх Александр | T34: Пантюх Александр | U34: - | V34: - | AA34: - | AB34: - | AC34: Крутилев Владимир | AD34: Крутилев Владимир | AE34: Крутилев Владимир | AF34: - | AG34: -
B35: Отпуск | C35: - | D35: - | E35: - | F35: - | G35: - | H35: - | I35: - | J35: - | K35: - | M35: Старший сотрудник | N35: 09:00 - 18:00 | O35: - | P35: Зырянов Даниил | Q35: Зырянов Даниил | R35: Зырянов Даниил | S35: Зырянов Даниил | T35: Зырянов Даниил | U35: - | V35: - | X35: Ночное дежурство | Y35: 21:00 - 09:00 | Z35: - | AA35: Комлев Владислав | AB35: Комлев Владислав | AC35: - | AD35: - | AE35: - | AF35: Комлев Владислав | AG35: Комлев Владислав
M36: Старший сотрудник | N36: 12:00 - 21:00 | O36: - | P36: Батуров Вячеслав | Q36: Батуров Вячеслав | R36: Батуров Вячеслав | S36: Батуров Вячеслав | T36: Батуров Вячеслав | U36: - | V36: - | AA36: - | AB36: - | AC36: Шаповалов Дмитрий | AD36: Шаповалов Дмитрий | AE36: Шаповалов Дмитрий | AF36: - | AG36: -
B37: 1Л Тех Поддержки | M37: Руководитель 2Л | N37: 09:00 - 18:00 | O37: - | P37: Громов Лев | Q37: Громов Лев | R37: Громов Лев | S37: Громов Лев | T37: Громов Лев | U37: - | V37: - | X37: Дневное дежурство (Резерв) | Y37: 09:00 - 18:00 | Z37: - | AA37: - | AB37: - | AC37: - | AD37: - | AE37: - | AF37: - | AG37: -
B38: Смена | C38: Будние дни | D38: Выходные дни | E38: 45915 | F38: 45916 | G38: 45917 | H38: 45918 | I38: 45919 | J38: 45920 | K38: 45921 | M38: Отпуск | N38: - | O38: - | P38: Короткевич Артем | Q38: Короткевич Артем | R38: Короткевич Артем | S38: Короткевич Артем | T38: Короткевич Артем | U38: Короткевич Артем | V38: Короткевич Артем | X38: Администрирование сервисов | Y38: 09:00 - 18:00 | Z38: -
B39: Дневное дежурство | C39: 09:00 - 21:00 | D39: 09:00 - 21:00 | E39: Вильмискин Алексей | F39: Вильмискин Алексей | G39: - | H39: - | I39: - | J39: Вильмискин Алексей | K39: Вильмискин Алексей | M39: Отпуск | N39: - | O39: - | P39: - | Q39: - | R39: - | S39: - | T39: - | U39: - | V39: - | X39: Ведущий специалист ГСМАиЦП | Y39: 09:00 - 18:00 | Z39: - | AA39: Букреев Даниил | AB39: Букреев Даниил | AC39: Букреев Даниил | AD39: Букреев Даниил | AE39: Букреев Даниил
B40: Дневное дежурство | C40: 09:00 - 21:00 | D40: - | E40: - | F40: - | G40: Пенкин Максим | H40: Пенкин Максим | I40: Пенкин Максим | J40: - | K40: - | X40: Руководитель ГСМАиЦП | Y40: 09:00 - 18:00 | Z40: - | AA40: - | AB40: - | AC40: - | AD40: - | AE40: -
B41: Дневное дежурство | C41: 09:00 - 21:00 | D41: - | E41: - | F41: - | G41: - | H41: - | I41: - | J41: - | K41: - | M41: 2Л Тех Поддержки | X41: Отпуск | Y41: - | Z41: - | AA41: Полунин Вадим | AB41: Полунин Вадим | AC41: Полунин Вадим | AD41: Полунин Вадим | AE41: Полунин Вадим | AF41: Полунин Вадим | AG41: Полунин Вадим
B42: Дневное дежурство | C42: 09:00 - 21:00 | D42: - | E42: - | F42: - | G42: - | H42: - | I42: - | J42: - | K42: - | M42: Смена | N42: Будние дни | O42: Выходные дни | P42: 45922 | Q42: 45923 | R42: 45924 | S42: 45925 | T42: 45926 | U42: 45927 | V42: 45928 | X42: Отпуск | Y42: - | Z42: - | AA42: Демин Владимир | AB42: Демин Владимир | AC42: Демин Владимир | AD42: Демин Владимир | AE42: Демин Владимир | AF42: Демин Владимир | AG42: Демин Владимир
B43: Ночное дежурство | C43: 21:00 - 09:00 | D43: 21:00 - 09:00 | E43: Володин Алексей | F43: Володин Алексей | G43: - | H43: - | I43: - | J43: - | K43: Володин Алексей | L43: Обучение Володина Алексея и Оборотова Василия и Бурых Антона и Кобякова Кирилла очередям в Трекере отв. Комлев Владислав и Шаповалов Дмитрий | M43: Новый сотрудник | N43: 09:00 - 18:00 | O43: - | P43: - | Q43: - | R43: - | S43: - | T43: - | U43: - | V43: -
B44: Ночное дежурство | C44: 21:00 - 09:00 | D44: 21:00 - 09:00 | E44: Оборотов Василий | F44: Оборотов Василий | G44: - | H44: - | I44: - | J44: Оборотов Василий | K44: Оборотов Василий | M44: Роль офис | N44: 08:00 - 17:00 | O44: - | P44: Пак Тимур | Q44: Пак Тимур | R44: Пак Тимур | S44: Пак Тимур | T44: Пак Тимур | U44: - | V44: - | X44: ГСМАиЦП
B45: Ночное дежурство | C45: 21:00 - 09:00 | D45: - | E45: - | F45: - | G45: Бурых Антон | H45: Бурых Антон | I45: Бурых Антон | J45: - | K45: - | M45: Роль аутсорс | N45: 09:00 - 18:00 | O45: - | P45: Пантюх Александр | Q45: Пантюх Александр | R45: Пантюх Александр | S45: Пантюх Александр | T45: Короткевич Артем | U45: - | V45: - | X45: Смена | Y45: Будние дни | Z45: Выходные дни | AA45: 45922 | AB45: 45923 | AC45: 45924 | AD45: 45925 | AE45: 45926 | AF45: 45927 | AG45: 45928
B46: Ночное дежурство | C46: 21:00 - 09:00 | D46: - | E46: - | F46: - | G46: Кобяков Кирилл | H46: Кобяков Кирилл | I46: Володин Алексей | J46: - | K46: - | M46: Роль удаленная помощь | N46: 09:00 - 18:00 | O46: - | P46: Рыбаков Максим | Q46: Рыбаков Максим | R46: Рыбаков Максим | S46: Рыбаков Максим | T46: Рыбаков Максим | U46: - | V46: - | X46: Новый сотрудник | Y46: 09:00 - 18:00 | Z46: - | AA46: - | AB46: - | AC46: - | AD46: - | AE46: - | AF46: - | AG46: -
B47: Дневное дежурство | C47: 09:00 - 21:00 | D47: 09:00 - 21:00 | E47: - | F47: - | G47: - | H47: - | I47: - | J47: - | K47: - | M47: Роль удаленная помощь | N47: 12:00 - 21:00 | O47: - | P47: Короткевич Артем | Q47: Короткевич Артем | R47: Короткевич Артем | S47: Короткевич Артем | T47: Пантюх Александр | U47: - | V47: - | X47: Дневное дежурство (Основа) | Y47: 09:00 - 21:00 | Z47: - | AA47: Беспалов Роман | AB47: Беспалов Роман | AC47: - | AD47: - | AE47: - | AF47: Беспалов Роман | AG47: Беспалов Роман
B48: Дневное дежурство | C48: 09:00 - 18:00 | D48: - | E48: Андрианов Владимир | F48: Андрианов Владимир | G48: - | H48: - | I48: - | J48: - | K48: - | M48: Старший сотрудник | N48: 09:00 - 18:00 | O48: - | P48: Зырянов Даниил | Q48: Зырянов Даниил | R48: Зырянов Даниил | S48: Зырянов Даниил | T48: Зырянов Даниил | U48: - | V48: - | AA48: - | AB48: - | AC48: Евсеев Илья | AD48: Евсеев Илья | AE48: Евсеев Илья | AF48: - | AG48: -
B49: Дневное дежурство | C49: 09:00 - 21:00 | D49: - | E49: - | F49: - | G49: Андрианов Владимир | H49: Андрианов Владимир | I49: Андрианов Владимир | J49: - | K49: - | M49: Старший сотрудник | N49: 12:00 - 21:00 | O49: - | P49: Батуров Вячеслав | Q49: Батуров Вячеслав | R49: Батуров Вячеслав | S49: Батуров Вячеслав | T49: Батуров Вячеслав | U49: - | V49: - | X49: Ночное дежурство | Y49: 21:00 - 09:00 | Z49: - | AA49: Крутилев Владимир | AB49: Крутилев Владимир | AC49: - | AD49: - | AE49: - | AF49: Крутилев Владимир | AG49: Крутилев Владимир
B50: Дневное дежурство | C50: 09:00 - 18:00 | D50: - | E50: - | F50: - | G50: - | H50: - | I50: - | J50: - | K50: - | M50: Руководитель 2Л | N50: 09:00 - 18:00 | O50: - | P50: Громов Лев | Q50: Громов Лев | R50: Громов Лев | S50: Громов Лев | T50: Громов Лев | U50: - | V50: - | AA50: - | AB50: - | AC50: Комлев Владислав | AD50: Комлев Владислав | AE50: Комлев Владислав | AF50: - | AG50: -
B51: Старший специалист | C51: 09:00 - 18:00 | D51: - | E51: Вавилова Анна | F51: Вавилова Анна | G51: Вавилова Анна | H51: Вавилова Анна | I51: Вавилова Анна | J51: - | K51: - | M51: Отпуск | N51: - | O51: - | P51: - | Q51: - | R51: - | S51: - | T51: - | U51: - | V51: - | X51: Дневное дежурство (Резерв) | Y51: 09:00 - 18:00 | Z51: - | AA51: Шаповалов Дмитрий | AB51: Шаповалов Дмитрий | AC51: Шаповалов Дмитрий | AD51: Шаповалов Дмитрий | AE51: Шаповалов Дмитрий | AF51: - | AG51: -
B52: Отпуск | C52: - | D52: - | E52: - | F52: - | G52: - | H52: - | I52: - | J52: - | K52: - | M52: Отпуск | N52: - | O52: - | P52: - | Q52: - | R52: - | S52: - | T52: - | U52: - | V52: - | X52: Администрирование сервисов | Y52: 09:00 - 18:00 | Z52: - | AA52: Полунин Вадим | AB52: Полунин Вадим | AC52: Полунин Вадим | AD52: Полунин Вадим | AE52: Полунин Вадим
B53: Больничный | C53: - | D53: - | E53: - | F53: - | G53: - | H53: Пенкин Максим | I53: Пенкин Максим/ Андрианов Владимир | J53: Пенкин Максим/ Андрианов Владимир | K53: Пенкин Максим/ Андрианов Владимир | X53: Ведущий специалист ГСМАиЦП | Y53: 09:00 - 18:00 | Z53: - | AA53: Букреев Даниил | AB53: Букреев Даниил | AC53: Букреев Даниил | AD53: Букреев Даниил | AE53: Букреев Даниил
M54: 2Л Тех Поддержки | X54: Руководитель ГСМАиЦП | Y54: 09:00 - 18:00 | Z54: - | AA54: - | AB54: - | AC54: - | AD54: - | AE54: -
B55: 1Л Тех Поддержки | M55: Смена | N55: Будние дни | O55: Выходные дни | P55: 45929 | Q55: 45930 | R55: 45931 | S55: 45932 | T55: 45933 | U55: 45934 | V55: 45905 | X55: Отпуск | Y55: - | Z55: -
B56: Смена | C56: Будние дни | D56: Выходные дни | E56: 45922 | F56: 45923 | G56: 45924 | H56: 45925 | I56: 45926 | J56: 45927 | K56: 45928 | M56: Новый сотрудник | N56: 09:00 - 18:00 | O56: - | P56: - | Q56: - | R56: - | S56: - | T56: - | U56: - | V56: - | X56: Отпуск | Y56: - | Z56: - | AA56: Демин Владимир | AB56: Демин Владимир | AC56: Демин Владимир | AD56: Демин Владимир | AE56: Демин Владимир | AF56: Демин Владимир | AG56: Демин Владимир
B57: Дневное дежурство | C57: 09:00 - 21:00 | D57: 09:00 - 21:00 | E57: Бурых Антон | F57: Бурых Антон | G57: - | H57: - | I57: - | J57: Бурых Антон | K57: Бурых Антон | M57: Роль офис | N57: 08:00 - 17:00 | O57: - | P57: Пак Тимур | Q57: Пак Тимур | R57: Пак Тимур | S57: Пантюх Александр | T57: Пантюх Александр | U57: - | V57: -
B58: Дневное дежурство | C58: 09:00 - 21:00 | D58: - | E58: - | F58: - | G58: Вильмискин Алексей | H58: Вильмискин Алексей | I58: Вильмискин Алексей | J58: - | K58: - | M58: Роль аутсорс | N58: 09:00 - 18:00 | O58: - | P58: Короткевич Артем | Q58: Короткевич Артем | R58: Короткевич Артем | S58: Короткевич Артем | T58: Короткевич Артем | U58: - | V58: - | X58: ГСМАиЦП
B59: Дневное дежурство | C59: 09:00 - 21:00 | D59: 09:00 - 21:00 | E59: - | F59: - | G59: - | H59: - | I59: - | J59: Андрианов Владимир | K59: Андрианов Владимир | M59: Роль удаленная помощь | N59: 09:00 - 18:00 | O59: - | P59: Пантюх Александр | Q59: Пантюх Александр | R59: Пантюх Александр | S59: - | T59: - | U59: - | V59: - | X59: Смена | Y59: Будние дни | Z59: Выходные дни | AA59: 45929 | AB59: 45930 | AC59: 45931 | AD59: 45932 | AE59: 45933 | AF59: 45934 | AG59: 45935
B60: Дневное дежурство | C60: 09:00 - 21:00 | D60: - | E60: - | F60: - | G60: - | H60: - | I60: - | J60: - | K60: - | M60: Роль удаленная помощь | N60: 12:00 - 21:00 | O60: - | U60: - | V60: - | X60: Новый сотрудник | Y60: 09:00 - 18:00 | Z60: - | AA60: - | AB60: - | AC60: - | AD60: - | AE60: - | AF60: - | AG60: -
B61: Ночное дежурство | C61: 21:00 - 09:00 | D61: 21:00 - 09:00 | E61: Володин Алексей | F61: Володин Алексей | G61: - | H61: - | I61: - | J61: Володин Алексей | K61: Володин Алексей | L61: Обучение Володина Алексея и Оборотова Василия очередям в Трекере отв. Крутилев Владимир и Евсеев Илья | M61: Старший сотрудник | N61: 09:00 - 18:00 | O61: - | P61: Батуров Вячеслав | Q61: Батуров Вячеслав | R61: Батуров Вячеслав | S61: Батуров Вячеслав | T61: Батуров Вячеслав | U61: - | V61: - | X61: Дневное дежурство (Основа) | Y61: 09:00 - 21:00 | Z61: - | AA61: Шаповалов Дмитрий | AB61: Шаповалов Дмитрий | AC61: - | AD61: - | AE61: - | AF61: Шаповалов Дмитрий | AG61: Шаповалов Дмитрий
B62: Ночное дежурство | C62: 21:00 - 09:00 | D62: - | E62: - | F62: - | G62: Оборотов Василий | H62: Оборотов Василий | I62: Оборотов Василий | J62: - | K62: - | M62: Старший сотрудник | N62: 12:00 - 21:00 | O62: - | P62: Зырянов Даниил | Q62: Зырянов Даниил | R62: Зырянов Даниил | S62: Зырянов Даниил | T62: Зырянов Даниил | U62: - | V62: - | AA62: - | AB62: - | AC62: Беспалов Роман | AD62: Беспалов Роман | AE62: Беспалов Роман | AF62: - | AG62: -
B63: Дневное дежурство | C63: 09:00 - 18:00 | D63: - | E63: Кобяков Кирилл | F63: Кобяков Кирилл | G63: Кобяков Кирилл | H63: Кобяков Кирилл | I63: Кобяков Кирилл | J63: - | K63: - | M63: Руководитель 2Л | N63: 09:00 - 18:00 | O63: - | P63: Громов Лев | Q63: Громов Лев | R63: Громов Лев | S63: Громов Лев | T63: Громов Лев | U63: - | V63: - | X63: Ночное дежурство | Y63: 21:00 - 09:00 | Z63: - | AA63: Евсеев Илья | AB63: Евсеев Илья | AC63: Евсеев Илья | AD63: - | AE63: - | AF63: - | AG63: Евсеев Илья
B64: Старший специалист | C64: 09:00 - 18:00 | D64: - | E64: Вавилова Анна | F64: Вавилова Анна | G64: Вавилова Анна | H64: Вавилова Анна | I64: Вавилова Анна | J64: - | K64: - | M64: Отпуск | N64: - | O64: - | P64: Рыбаков Максим | Q64: Рыбаков Максим | R64: Рыбаков Максим | S64: Рыбаков Максим | T64: Рыбаков Максим | U64: - | V64: - | AA64: - | AB64: - | AC64: - | AD64: Крутилев Владимир | AE64: Крутилев Владимир | AF64: Крутилев Владимир | AG64: -
B65: Отпуск | C65: - | D65: - | E65: - | F65: - | G65: - | H65: - | I65: - | J65: - | K65: - | M65: Больничный | N65: - | O65: - | P65: - | Q65: - | R65: - | S65: Пак Тимур | T65: Пак Тимур | U65: - | V65: - | X65: Дневное дежурство (Резерв) | Y65: 09:00 - 18:00 | Z65: - | AA65: Комлев Владислав | AB65: Комлев Владислав | AC65: Комлев Владислав | AD65: Комлев Владислав | AE65: Комлев Владислав | AF65: - | AG65: -
B66: Больничный | C66: - | D66: Пенкин Максим/ Андрианов Владимир | E66: Пенкин Максим/ Андрианов Владимир | F66: Пенкин Максим/ Андрианов Владимир | G66: Пенкин Максим/ Андрианов Владимир | H66: Пенкин Максим/ Андрианов Владимир | I66: Пенкин Максим/ Андрианов Владимир | J66: Пенкин Максим | K66: Пенкин Максим | X66: Администрирование сервисов | Y66: 09:00 - 18:00 | Z66: - | AA66: Полунин Вадим | AB66: Полунин Вадим | AC66: Полунин Вадим | AD66: Полунин Вадим | AE66: Полунин Вадим
X67: Ведущий специалист ГСМАиЦП | Y67: 09:00 - 18:00 | Z67: - | AA67: - | AB67: - | AC67: - | AD67: - | AE67: -
B68: 1Л Тех Поддержки | X68: Руководитель ГСМАиЦП | Y68: 09:00 - 18:00 | Z68: - | AA68: Демин Владимир | AB68: Демин Владимир | AC68: Демин Владимир | AD68: Демин Владимир | AE68: Демин Владимир
B69: Смена | C69: Будние дни | D69: Выходные дни | E69: 45929 | F69: 45930 | G69: 45931 | H69: 45932 | I69: 45933 | J69: 45934 | K69: 45935 | X69: Отпуск | Y69: - | Z69: -
B70: Дневное дежурство | C70: 09:00 - 21:00 | D70: 09:00 - 21:00 | E70: Бурых Антон | F70: Бурых Антон | G70: - | H70: - | I70: - | J70: Бурых Антон | K70: Бурых Антон | X70: Отпуск | Y70: - | Z70: - | AA70: Букреев Даниил | AB70: Букреев Даниил | AC70: Букреев Даниил | AD70: Букреев Даниил | AE70: Букреев Даниил | AF70: Букреев Даниил | AG70: Букреев Даниил
B71: Дневное дежурство | C71: 09:00 - 21:00 | D71: - | E71: - | F71: - | G71: Андрианов Владимир | H71: Андрианов Владимир | I71: Андрианов Владимир | J71: - | K71: -
B72: Дневное дежурство | C72: 09:00 - 21:00 | D72: 09:00 - 21:00 | E72: Вильмискин Алексей | F72: Вильмискин Алексей | G72: - | H72: - | I72: - | J72: Вильмискин Алексей | K72: Вильмискин Алексей
B73: Дневное дежурство | C73: 09:00 - 21:00 | D73: - | E73: - | F73: - | G73: Пенкин Максим | H73: Пенкин Максим | I73: Пенкин Максим | J73: - | K73: -
B74: Ночное дежурство | C74: 21:00 - 09:00 | D74: 21:00 - 09:00 | E74: Кобяков Кирилл | F74: Кобяков Кирилл | G74: - | H74: - | I74: - | J74: Кобяков Кирилл | K74: Кобяков Кирилл | L74: Обучение Кобякова Кирилла и Володина Алексея очередям в Трекере отв. Крутилев Владимир и Евсеев Илья
B75: Ночное дежурство | C75: 21:00 - 09:00 | D75: - | E75: - | F75: - | G75: Володин Алексей | H75: Володин Алексей | I75: Володин Алексей | J75: - | K75: -
B76: Дневное дежурство | C76: 09:00 - 18:00 | D76: - | E76: Оборотов Василий | F76: Оборотов Василий | G76: Оборотов Василий | H76: Оборотов Василий | I76: Оборотов Василий | J76: - | K76: -
B77: Старший специалист | C77: 09:00 - 18:00 | D77: - | E77: Вавилова Анна | F77: Вавилова Анна | G77: Вавилова Анна | H77: Вавилова Анна | I77: Вавилова Анна | J77: - | K77: -
B78: Отпуск | C78: - | D78: - | E78: - | F78: - | G78: - | H78: - | I78: - | J78: - | K78: -
B79: Отпуск | C79: - | D79: - | E79: - | F79: - | G79: - | H79: - | I79: - | J79: - | K79: -

Sheet Октябрь 2025
B2: 1Л Тех Поддержки | M2: 2Л Тех Поддержки | X2: ГСМАиЦП
B3: Смена | C3: Будние дни | D3: Выходные дни | E3: 45929 | F3: 45930 | G3: 45931 | H3: 45932 | I3: 45933 | J3: 45934 | K3: 45935 | M3: Смена | N3: Будние дни | O3: Выходные дни | P3: 45929 | Q3: 45930 | R3: 45931 | S3: 45932 | T3: 45933 | U3: 45934 | V3: 45935 | X3: Смена | Y3: Будние дни | Z3: Выходные дни | AA3: 45929 | AB3: 45930 | AC3: 45931 | AD3: 45932 | AE3: 45933 | AF3: 45934 | AG3: 45935
B4: Дневное дежурство | C4: 09:00 - 21:00 | D4: 09:00 - 21:00 | E4: Бурых Антон | F4: Бурых Антон | G4: - | H4: - | I4: - | J4: Бурых Антон | K4: Бурых Антон | M4: Новый сотрудник | N4: 09:00 - 18:00 | O4: - | P4: - | Q4: - | R4: - | S4: - | T4: - | U4: - | V4: - | X4: Новый сотрудник | Y4: 09:00 - 18:00 | Z4: - | AA4: - | AB4: - | AC4: - | AD4: - | AE4: - | AF4: - | AG4: -
B5: Дневное дежурство | C5: 09:00 - 21:00 | D5: - | E5: - | F5: - | G5: Андрианов Владимир | H5: Андрианов Владимир | I5: Андрианов Владимир | J5: - | K5: - | M5: Роль офис | N5: 08:00 - 17:00 | O5: - | P5: Пак Тимур | Q5: Пак Тимур | R5: Пак Тимур | S5: Пантюх Александр | T5: Пантюх Александр | U5: - | V5: - | X5: Дневное дежурство (Основа) | Y5: 09:00 - 21:00 | Z5: - | AA5: Шаповалов Дмитрий | AB5: Шаповалов Дмитрий | AC5: - | AD5: - | AE5: - | AF5: Шаповалов Дмитрий | AG5: Шаповалов Дмитрий
B6: Дневное дежурство | C6: 09:00 - 21:00 | D6: 09:00 - 21:00 | E6: Вильмискин Алексей | F6: Вильмискин Алексей | G6: - | H6: - | I6: - | J6: Вильмискин Алексей | K6: Вильмискин Алексей | M6: Роль аутсорс | N6: 09:00 - 18:00 | O6: - | P6: Короткевич Артем | Q6: Короткевич Артем | R6: Короткевич Артем | S6: Короткевич Артем | T6: Короткевич Артем | U6: - | V6: - | AA6: - | AB6: - | AC6: Беспалов Роман | AD6: Беспалов Роман | AE6: Беспалов Роман | AF6: - | AG6: -
B7: Дневное дежурство | C7: 09:00 - 21:00 | D7: - | E7: - | F7: - | G7: Пенкин Максим | H7: Пенкин Максим | I7: Пенкин Максим | J7: - | K7: - | M7: Роль удаленная помощь | N7: 09:00 - 18:00 | O7: - | P7: Пантюх Александр | Q7: Пантюх Александр | R7: Пантюх Александр | S7: - | T7: - | U7: - | V7: - | X7: Ночное дежурство | Y7: 21:00 - 09:00 | Z7: - | AA7: Евсеев Илья | AB7: Евсеев Илья | AC7: Евсеев Илья | AD7: - | AE7: - | AF7: - | AG7: Евсеев Илья
B8: Ночное дежурство | C8: 21:00 - 09:00 | D8: 21:00 - 09:00 | E8: Кобяков Кирилл | F8: Кобяков Кирилл | G8: - | H8: - | I8: - | J8: Кобяков Кирилл | K8: Кобяков Кирилл | M8: Роль удаленная помощь | N8: 12:00 - 21:00 | O8: - | U8: - | V8: - | AA8: - | AB8: - | AC8: - | AD8: Крутилев Владимир | AE8: Крутилев Владимир | AF8: Крутилев Владимир | AG8: -
B9: Ночное дежурство | C9: 21:00 - 09:00 | D9: - | E9: - | F9: - | G9: Володин Алексей | H9: Володин Алексей | I9: Володин Алексей | J9: - | K9: - | M9: Старший сотрудник | N9: 09:00 - 18:00 | O9: - | P9: Батуров Вячеслав | Q9: Батуров Вячеслав | R9: Батуров Вячеслав | S9: Батуров Вячеслав | T9: Батуров Вячеслав | U9: - | V9: - | X9: Дневное дежурство (Резерв) | Y9: 09:00 - 18:00 | Z9: - | AA9: Комлев Владислав | AB9: Комлев Владислав | AC9: Комлев Владислав | AD9: Комлев Владислав | AE9: Комлев Владислав | AF9: - | AG9: -
B10: Дневное дежурство | C10: 09:00 - 18:00 | D10: - | E10: Оборотов Василий | F10: Оборотов Василий | G10: Оборотов Василий | H10: Оборотов Василий | I10: Оборотов Василий | J10: - | K10: - | M10: Старший сотрудник | N10: 12:00 - 21:00 | O10: - | P10: Зырянов Даниил | Q10: Зырянов Даниил | R10: Зырянов Даниил | S10: Зырянов Даниил | T10: Зырянов Даниил | U10: - | V10: - | X10: Администрирование сервисов | Y10: 09:00 - 18:00 | Z10: - | AA10: Полунин Вадим | AB10: Полунин Вадим | AC10: Полунин Вадим | AD10: Полунин Вадим | AE10: Полунин Вадим
B11: Старший специалист | C11: 09:00 - 18:00 | D11: - | E11: Вавилова Анна | F11: Вавилова Анна | G11: Вавилова Анна | H11: Вавилова Анна | I11: Вавилова Анна | J11: - | K11: - | M11: Руководитель 2Л | N11: 09:00 - 18:00 | O11: - | P11: Громов Лев | Q11: Громов Лев | R11: Громов Лев | S11: Громов Лев | T11: Громов Лев | U11: - | V11: - | X11: Ведущий специалист ГСМАиЦП | Y11: 09:00 - 18:00 | Z11: - | AA11: - | AB11: - | AC11: - | AD11: - | AE11: -
B12: Отпуск | C12: - | D12: - | E12: - | F12: - | G12: - | H12: - | I12: - | J12: - | K12: - | M12: Отпуск | N12: - | O12: - | P12: Рыбаков Максим | Q12: Рыбаков Максим | R12: Рыбаков Максим | S12: Рыбаков Максим | T12: Рыбаков Максим | U12: - | V12: - | X12: Руководитель ГСМАиЦП | Y12: 09:00 - 18:00 | Z12: - | AA12: Демин Владимир | AB12: Демин Владимир | AC12: Демин Владимир | AD12: Демин Владимир | AE12: Демин Владимир
B13: Отпуск | C13: - | D13: - | E13: - | F13: - | G13: - | H13: - | I13: - | J13: - | K13: - | M13: Больничный | N13: - | O13: - | P13: - | Q13: - | R13: - | S13: Пак Тимур | T13: Пак Тимур | U13: Пак Тимур | V13: Пак Тимур | X13: Отпуск | Y13: - | Z13: -
X14: Отпуск | Y14: - | Z14: - | AA14: Букреев Даниил | AB14: Букреев Даниил | AC14: Букреев Даниил | AD14: Букреев Даниил | AE14: Букреев Даниил | AF14: Букреев Даниил | AG14: Букреев Даниил
B15: 1Л Тех Поддержки | M15: 2Л Тех Поддержки
B16: Смена | C16: Будние дни | D16: Выходные дни | E16: 45936 | F16: 45937 | G16: 45938 | H16: 45939 | I16: 45940 | J16: 45941 | K16: 45942 | M16: Смена | N16: Будние дни | O16: Выходные дни | P16: 45936 | Q16: 45937 | R16: 45938 | S16: 45939 | T16: 45940 | U16: 45941 | V16: 45942 | X16: ГСМАиЦП
B17: Дневное дежурство | C17: 09:00 - 21:00 | D17: 09:00 - 21:00 | E17: Оборотов Василий | F17: Оборотов Василий | G17: - | H17: - | I17: - | J17: Оборотов Василий | K17: Оборотов Василий | M17: Новый сотрудник | N17: 09:00 - 18:00 | O17: - | P17: - | Q17: - | R17: - | S17: - | T17: - | U17: - | V17: - | X17: Смена | Y17: Будние дни | Z17: Выходные дни | AA17: 45936 | AB17: 45937 | AC17: 45938 | AD17: 45939 | AE17: 45940 | AF17: 45941 | AG17: 45942
B18: Дневное дежурство | C18: 09:00 - 21:00 | D18: - | E18: - | F18: - | G18: Бурых Антон | H18: Бурых Антон | I18: Бурых Антон | J18: - | K18: - | M18: Роль офис | N18: 08:00 - 17:00 | O18: - | P18: Пантюх Александр | Q18: Пак Тимур | R18: Пак Тимур | S18: Пак Тимур | T18: Пак Тимур | U18: - | V18: - | X18: Обучение | Y18: 09:00 - 18:00 | Z18: - | AA18: - | AB18: Рыбаков Максим | AC18: Рыбаков Максим | AD18: Рыбаков Максим | AE18: Рыбаков Максим | AF18: - | AG18: -
B19: Дневное дежурство | C19: 09:00 - 21:00 | D19: 09:00 - 21:00 | E19: Пенкин Максим | F19: Пенкин Максим | G19: - | H19: - | I19: - | J19: Пенкин Максим | K19: Пенкин Максим | M19: Роль аутсорс | N19: 09:00 - 18:00 | O19: - | P19: Короткевич Артем | Q19: Короткевич Артем | R19: Короткевич Артем | S19: Короткевич Артем | T19: Короткевич Артем | U19: - | V19: - | X19: Дневное дежурство (Основа) | Y19: 09:00 - 21:00 | Z19: - | AA19: Беспалов Роман | AB19: Беспалов Роман | AC19: - | AD19: - | AE19: - | AF19: Беспалов Роман | AG19: Беспалов Роман
B20: Дневное дежурство | C20: 09:00 - 21:00 | D20: - | E20: - | F20: - | G20: Кобяков Кирилл | H20: Кобяков Кирилл | I20: Кобяков Кирилл | J20: - | K20: - | M20: Роль удаленная помощь | N20: 09:00 - 18:00 | O20: - | P20: - | Q20: - | R20: - | S20: - | T20: - | U20: - | V20: - | AA20: - | AB20: - | AC20: Шаповалов Дмитрий | AD20: Шаповалов Дмитрий | AE20: Шаповалов Дмитрий | AF20: - | AG20: -
B21: Ночное дежурство | C21: 21:00 - 09:00 | D21: 21:00 - 09:00 | E21: Андрианов Владимир | F21: Андрианов Владимир | G21: - | H21: - | I21: - | J21: Андрианов Владимир | K21: Андрианов Владимир | M21: Роль удаленная помощь | N21: 12:00 - 21:00 | O21: - | P21: - | Q21: Пантюх Александр | R21: Пантюх Александр | S21: Пантюх Александр | T21: Пантюх Александр | U21: - | V21: - | X21: Ночное дежурство | Y21: 21:00 - 09:00 | Z21: - | AA21: Комлев Владислав | AB21: Комлев Владислав | AC21: - | AD21: - | AE21: - | AF21: Комлев Владислав | AG21: Комлев Владислав
B22: Ночное дежурство | C22: 21:00 - 09:00 | D22: - | E22: - | F22: - | G22: Вильмискин Алексей | H22: Вильмискин Алексей | I22: Вильмискин Алексей | J22: - | K22: - | M22: Старший сотрудник | N22: 09:00 - 18:00 | O22: - | P22: Зырянов Даниил | Q22: Зырянов Даниил | R22: Зырянов Даниил | S22: Зырянов Даниил | T22: Зырянов Даниил | U22: - | V22: - | AA22: - | AB22: - | AC22: Крутилев Владимир | AD22: Крутилев Владимир | AE22: Крутилев Владимир | AG22: -
B23: Дневное дежурство | C23: 09:00 - 18:00 | D23: - | E23: Володин Алексей | F23: Володин Алексей | G23: Володин Алексей | H23: Володин Алексей | I23: Володин Алексей | J23: - | K23: - | M23: Старший сотрудник | N23: 09:00 - 18:00 | O23: - | P23: Батуров Вячеслав | Q23: Батуров Вячеслав | R23: Батуров Вячеслав | S23: Батуров Вячеслав | T23: Батуров Вячеслав | U23: - | V23: - | X23: Дневное дежурство (Резерв) | Y23: 09:00 - 18:00 | Z23: - | AA23: - | AB23: - | AC23: - | AD23: - | AE23: - | AF23: - | AG23: -
B24: Старший специалист | C24: 09:00 - 18:00 | D24: - | E24: Вавилова Анна | F24: Вавилова Анна | G24: Вавилова Анна | H24: Вавилова Анна | I24: Вавилова Анна | J24: - | K24: - | M24: Руководитель 2Л | N24: 09:00 - 18:00 | O24: - | P24: Громов Лев | Q24: Громов Лев | R24: Громов Лев | S24: Громов Лев | T24: Громов Лев | U24: - | V24: - | X24: Администрирование сервисов | Y24: 09:00 - 18:00 | Z24: - | AA24: Полунин Вадим | AB24: Полунин Вадим | AC24: Полунин Вадим | AD24: Полунин Вадим | AE24: Полунин Вадим
B25: Отпуск | C25: - | D25: - | E25: - | F25: - | G25: - | H25: - | I25: - | J25: - | K25: - | M25: Отпуск | N25: - | O25: - | P25: - | Q25: - | R25: - | S25: - | T25: - | U25: - | V25: - | X25: Ведущий специалист ГСМАиЦП | Y25: 09:00 - 18:00 | Z25: - | AA25: Букреев Даниил | AB25: Букреев Даниил | AC25: Букреев Даниил | AD25: Букреев Даниил | AE25: Букреев Даниил
B26: Отпуск | C26: - | D26: - | E26: - | F26: - | G26: - | H26: - | I26: - | J26: - | K26: - | M26: Больничный | N26: - | O26: - | P26: Пак Тимур | Q26: - | R26: - | S26: - | T26: - | U26: - | V26: - | X26: Руководитель ГСМАиЦП | Y26: 09:00 - 18:00 | Z26: - | AA26: Демин Владимир | AB26: Демин Владимир | AC26: Демин Владимир | AD26: Демин Владимир | AE26: Демин Владимир
X27: Отпуск | Y27: - | Z27: - | AA27: Евсеев Илья | AB27: Евсеев Илья | AC27: Евсеев Илья | AD27: Евсеев Илья | AE27: Евсеев Илья | AF27: Евсеев Илья | AG27: Евсеев Илья
B28: 1Л Тех Поддержки | M28: 2Л Тех Поддержки | X28: Отпуск | Y28: - | Z28: -
B29: Смена | C29: Будние дни | D29: Выходные дни | E29: 45943 | F29: 45944 | G29: 45945 | H29: 45946 | I29: 45947 | J29: 45948 | K29: 45949 | M29: Смена | N29: Будние дни | O29: Выходные дни | P29: 45943 | Q29: 45944 | R29: 45945 | S29: 45946 | T29: 45947 | U29: 45948 | V29: 45949
B30: Дневное дежурство | C30: 09:00 - 21:00 | D30: 09:00 - 21:00 | E30: Володин Алексей | F30: Володин Алексей | G30: - | H30: - | I30: - | J30: Володин Алексей | K30: Володин Алексей | M30: Новый сотрудник | N30: 09:00 - 18:00 | O30: - | P30: - | Q30: - | R30: - | S30: - | T30: - | U30: - | V30: - | X30: ГСМАиЦП
B31: Дневное дежурство | C31: 09:00 - 21:00 | D31: - | E31: - | F31: - | G31: Оборотов Василий | H31: Оборотов Василий | I31: Оборотов Василий | J31: - | K31: - | M31: Роль офис | N31: 08:00 - 17:00 | O31: - | P31: Пак Тимур | Q31: Пак Тимур | R31: Пак Тимур | S31: Пак Тимур | T31: Пак Тимур | U31: - | V31: - | X31: Смена | Y31: Будние дни | Z31: Выходные дни | AA31: 45943 | AB31: 45944 | AC31: 45945 | AD31: 45946 | AE31: 45947 | AF31: 45948 | AG31: 45949
B32: Дневное дежурство | C32: 09:00 - 21:00 | D32: 09:00 - 21:00 | E32: Вильмискин Алексей | F32: Вильмискин Алексей | G32: - | H32: - | I32: - | J32: Вильмискин Алексей | K32: Вильмискин Алексей | M32: Роль аутсорс | N32: 09:00 - 18:00 | O32: - | P32: Короткевич Артем | Q32: Короткевич Артем | R32: Короткевич Артем | S32: Короткевич Артем | T32: Короткевич Артем | U32: - | V32: - | X32: Новый сотрудник | Y32: 09:00 - 18:00 | Z32: - | AA32: Рыбаков Максим | AB32: Рыбаков Максим | AC32: Рыбаков Максим | AD32: Рыбаков Максим | AE32: Рыбаков Максим | AF32: - | AG32: -
B33: Дневное дежурство | C33: 09:00 - 21:00 | D33: - | E33: - | F33: - | G33: Пенкин Максим | H33: Пенкин Максим | I33: Пенкин Максим | J33: - | K33: - | M33: Роль удаленная помощь | N33: 09:00 - 18:00 | O33: - | P33: - | Q33: - | R33: - | S33: - | T33: - | U33: - | V33: - | X33: Дневное дежурство (Основа) | Y33: 09:00 - 21:00 | Z33: - | AA33: Крутилев Владимир | AB33: Крутилев Владимир | AC33: - | AD33: - | AE33: - | AF33: Крутилев Владимир | AG33: Крутилев Владимир
B34: Ночное дежурство | C34: 21:00 - 09:00 | D34: 21:00 - 09:00 | E34: Бурых Антон | F34: Бурых Антон | G34: - | H34: - | I34: - | J34: Бурых Антон | K34: Бурых Антон | M34: Роль удаленная помощь | N34: 12:00 - 21:00 | O34: - | P34: Пантюх Александр | Q34: Пантюх Александр | R34: Пантюх Александр | S34: Пантюх Александр | T34: Пантюх Александр | U34: - | V34: - | AA34: - | AB34: - | AC34: Беспалов Роман | AD34: Беспалов Роман | AE34: Беспалов Роман | AF34: - | AG34: -
B35: Ночное дежурство | C35: 21:00 - 09:00 | D35: - | E35: - | F35: - | G35: Андрианов Владимир | H35: Андрианов Владимир | I35: Андрианов Владимир | J35: - | K35: - | M35: Старший сотрудник | N35: 09:00 - 18:00 | O35: - | P35: Батуров Вячеслав | Q35: Батуров Вячеслав | R35: Батуров Вячеслав | S35: Батуров Вячеслав | T35: Батуров Вячеслав | U35: - | V35: - | X35: Ночное дежурство | Y35: 21:00 - 09:00 | Z35: - | AA35: Евсеев Илья | AB35: Евсеев Илья | AC35: - | AD35: - | AE35: - | AF35: Евсеев Илья | AG35: Евсеев Илья
B36: Дневное дежурство | C36: 09:00 - 18:00 | D36: - | E36: Кобяков Кирилл | F36: Кобяков Кирилл | G36: Кобяков Кирилл | H36: Кобяков Кирилл | I36: Кобяков Кирилл | J36: - | K36: - | M36: Старший сотрудник | N36: 09:00 - 18:00 | O36: - | P36: - | Q36: - | R36: - | S36: - | T36: - | U36: - | V36: - | AA36: - | AB36: - | AC36: Комлев Владислав | AD36: Комлев Владислав | AE36: Комлев Владислав | AF36: - | AG36: -
B37: Старший специалист | C37: 09:00 - 18:00 | D37: - | E37: Вавилова Анна | F37: Вавилова Анна | G37: Вавилова Анна | H37: Вавилова Анна | I37: Вавилова Анна | J37: - | K37: - | M37: Руководитель 2Л | N37: 09:00 - 18:00 | O37: - | P37: Громов Лев | Q37: Громов Лев | R37: Громов Лев | S37: Громов Лев | T37: Громов Лев | U37: - | V37: - | X37: Дневное дежурство (Резерв) | Y37: 09:00 - 18:00 | Z37: - | AA37: Полунин Вадим | AB37: Полунин Вадим | AC37: - | AD37: Полунин Вадим | AE37: Полунин Вадим | AF37: - | AG37: -
B38: Отпуск | C38: - | D38: - | E38: - | F38: - | G38: - | H38: - | I38: - | J38: - | K38: - | M38: Отпуск | N38: - | O38: - | P38: Зырянов Даниил | Q38: Зырянов Даниил | R38: Зырянов Даниил | S38: Зырянов Даниил | T38: Зырянов Даниил | U38: Зырянов Даниил | V38: Зырянов Даниил | X38: Администрирование сервисов | Y38: 09:00 - 18:00 | Z38: - | AA38: Шаповалов Дмитрий | AB38: Шаповалов Дмитрий | AC38: Шаповалов Дмитрий | AD38: Шаповалов Дмитрий | AE38: Шаповалов Дмитрий
B39: Отпуск | C39: - | D39: - | E39: - | F39: - | G39: - | H39: - | I39: - | J39: - | K39: - | M39: Больничный | N39: - | O39: - | P39: - | Q39: - | R39: - | S39: - | T39: - | U39: - | V39: - | X39: Ведущий специалист ГСМАиЦП | Y39: 09:00 - 18:00 | Z39: - | AA39: Букреев Даниил | AB39: Букреев Даниил | AC39: Букреев Даниил | AD39: Букреев Даниил | AE39: Букреев Даниил
X40: Руководитель ГСМАиЦП | Y40: 09:00 - 18:00 | Z40: - | AA40: Демин Владимир | AB40: Демин Владимир | AC40: Демин Владимир | AD40: Демин Владимир | AE40: Демин Владимир
B41: 1Л Тех Поддержки | M41: 2Л Тех Поддержки | X41: Отпуск | Y41: - | Z41: -
B42: Смена | C42: Будние дни | D42: Выходные дни | E42: 45950 | F42: 45951 | G42: 45952 | H42: 45953 | I42: 45954 | J42: 45955 | K42: 45956 | M42: Смена | N42: Будние дни | O42: Выходные дни | P42: 45950 | Q42: 45951 | R42: 45952 | S42: 45953 | T42: 45954 | U42: 45955 | V42: 45956 | X42: Отпуск | Y42: - | Z42: -
B43: Дневное дежурство | C43: 09:00 - 21:00 | D43: 09:00 - 21:00 | E43: - | F43: - | G43: - | H43: - | I43: - | J43: - | K43: - | M43: Новый сотрудник | N43: 09:00 - 18:00 | O43: - | P43: - | Q43: - | R43: - | S43: - | T43: - | U43: - | V43: -
B44: Дневное дежурство | C44: 09:00 - 21:00 | D44: - | E44: Володин Алексей | F44: Володин Алексей | G44: - | H44: - | I44: - | J44: Володин Алексей | K44: Володин Алексей | M44: Роль офис | N44: 08:00 - 17:00 | O44: - | P44: Короткевич Артем | Q44: Короткевич Артем | R44: Короткевич Артем | S44: Короткевич Артем | T44: Короткевич Артем | U44: - | V44: - | X44: ГСМАиЦП
B45: Дневное дежурство | C45: 09:00 - 21:00 | D45: 09:00 - 21:00 | E45: Оборотов Василий | F45: Оборотов Василий | G45: - | H45: - | I45: - | J45: Оборотов Василий | K45: Оборотов Василий | M45: Роль аутсорс | N45: 09:00 - 18:00 | O45: - | P45: Пантюх Александр | Q45: Пантюх Александр | R45: Пантюх Александр | S45: Пантюх Александр | T45: Пантюх Александр | U45: - | V45: - | X45: Смена | Y45: Будние дни | Z45: Выходные дни | AA45: 45950 | AB45: 45951 | AC45: 45952 | AD45: 45953 | AE45: 45954 | AF45: 45955 | AG45: 45956
B46: Дневное дежурство | C46: 09:00 - 21:00 | D46: - | E46: - | F46: - | G46: Вильмискин Алексей | H46: Вильмискин Алексей | I46: Вильмискин Алексей | J46: - | K46: - | M46: Роль удаленная помощь | N46: 09:00 - 18:00 | O46: - | P46: - | Q46: - | R46: - | S46: - | T46: - | U46: - | V46: - | X46: Новый сотрудник | Y46: 09:00 - 18:00 | Z46: - | AA46: Рыбаков Максим | AB46: Рыбаков Максим | AC46: Рыбаков Максим | AD46: Рыбаков Максим | AE46: Рыбаков Максим | AF46: - | AG46: -
B47: Ночное дежурство | C47: 21:00 - 09:00 | D47: 21:00 - 09:00 | E47: Пенкин Максим | F47: Пенкин Максим | G47: - | H47: - | I47: - | J47: Пенкин Максим | K47: Пенкин Максим | M47: Роль удаленная помощь | N47: 12:00 - 21:00 | O47: - | P47: Пак Тимур | Q47: Пак Тимур | R47: Пак Тимур | S47: Пак Тимур | T47: Пак Тимур | U47: - | V47: - | X47: Дневное дежурство (Основа) | Y47: 09:00 - 21:00 | Z47: - | AA47: Шаповалов Дмитрий | AB47: Шаповалов Дмитрий | AC47: - | AD47: - | AE47: - | AF47: Шаповалов Дмитрий | AG47: Шаповалов Дмитрий
B48: Ночное дежурство | C48: 21:00 - 09:00 | D48: - | E48: - | F48: - | G48: Бурых Антон | H48: Бурых Антон | I48: Бурых Антон | J48: - | K48: - | M48: Старший сотрудник | N48: 09:00 - 18:00 | O48: - | P48: Зырянов Даниил | Q48: Зырянов Даниил | R48: Зырянов Даниил | S48: Зырянов Даниил | T48: Зырянов Даниил | U48: - | V48: - | AA48: - | AB48: - | AC48: Крутилев Владимир | AD48: Крутилев Владимир | AE48: Крутилев Владимир | AF48: - | AG48: -
B49: Дневное дежурство | C49: 09:00 - 18:00 | D49: - | E49: Андрианов Владимир | F49: Андрианов Владимир | G49: Андрианов Владимир | H49: Андрианов Владимир | I49: Андрианов Владимир | J49: - | K49: - | M49: Старший сотрудник | N49: 09:00 - 18:00 | O49: - | P49: Батуров Вячеслав | Q49: Батуров Вячеслав | R49: Батуров Вячеслав | S49: Батуров Вячеслав | T49: Батуров Вячеслав | U49: - | V49: - | X49: Ночное дежурство | Y49: 21:00 - 09:00 | Z49: - | AA49: Беспалов Роман | AB49: Беспалов Роман | AC49: - | AD49: - | AE49: - | AF49: Беспалов Роман | AG49: Беспалов Роман
B50: Старший специалист | C50: 09:00 - 18:00 | D50: - | E50: Вавилова Анна | F50: Вавилова Анна | G50: Вавилова Анна | H50: Вавилова Анна | I50: Вавилова Анна | J50: - | K50: - | M50: Руководитель 2Л | N50: 09:00 - 18:00 | O50: - | P50: Громов Лев | Q50: Громов Лев | R50: Громов Лев | S50: Громов Лев | T50: Громов Лев | U50: - | V50: - | AA50: - | AB50: - | AC50: Евсеев Илья | AD50: Евсеев Илья | AE50: Евсеев Илья | AF50: - | AG50: -
B51: Отпуск | C51: - | D51: - | E51: Кобяков Кирилл | F51: Кобяков Кирилл | G51: Кобяков Кирилл | H51: Кобяков Кирилл | I51: Кобяков Кирилл | J51: Кобяков Кирилл | K51: Кобяков Кирилл | M51: Отпуск | N51: - | O51: - | P51: - | Q51: - | R51: - | S51: - | T51: - | U51: - | V51: - | X51: Дневное дежурство (Резерв) | Y51: 09:00 - 18:00 | Z51: - | AF51: - | AG51: -
B52: Отпуск | C52: - | D52: - | E52: - | F52: - | G52: - | H52: - | I52: - | J52: - | K52: - | M52: Больничный | N52: - | O52: - | P52: - | Q52: - | R52: - | S52: - | T52: - | U52: - | V52: - | X52: Администрирование сервисов | Y52: 09:00 - 18:00 | Z52: - | AA52: Полунин Вадим | AB52: Полунин Вадим | AC52: Полунин Вадим | AD52: Полунин Вадим | AE52: Полунин Вадим
X53: Ведущий специалист ГСМАиЦП | Y53: 09:00 - 18:00 | Z53: - | AA53: - | AB53: - | AC53: - | AD53: - | AE53: -
B54: 1Л Тех Поддержки | M54: 2Л Тех Поддержки | X54: Руководитель ГСМАиЦП | Y54: 09:00 - 18:00 | Z54: - | AA54: Демин Владимир | AB54: Демин Владимир | AC54: Демин Владимир | AD54: Демин Владимир | AE54: Демин Владимир
B55: Смена | C55: Будние дни | D55: Выходные дни | E55: 45957 | F55: 45958 | G55: 45959 | H55: 45960 | I55: 45961 | J55: 45962 | K55: 45963 | M55: Смена | N55: Будние дни | O55: Выходные дни | P55: 45957 | Q55: 45958 | R55: 45959 | S55: 45960 | T55: 45961 | U55: 45962 | V55: 45963 | X55: Отпуск | Y55: - | Z55: - | AA55: Букреев Даниил | AB55: Букреев Даниил | AC55: Букреев Даниил | AD55: Букреев Даниил | AE55: Букреев Даниил | AF55: Букреев Даниил | AG55: Букреев Даниил
B56: Дневное дежурство | C56: 09:00 - 21:00 | D56: 09:00 - 21:00 | E56: Андрианов Владимир | F56: Андрианов Владимир | G56: - | H56: - | I56: - | J56: Андрианов Владимир | K56: Андрианов Владимир | M56: Новый сотрудник | N56: 09:00 - 18:00 | O56: - | P56: - | Q56: - | R56: - | S56: - | T56: - | U56: - | V56: - | X56: Отпуск | Y56: - | Z56: - | AA56: Комлев Владислав | AB56: Комлев Владислав | AC56: Комлев Владислав | AD56: Комлев Владислав | AE56: Комлев Владислав | AF56: Комлев Владислав | AG56: Комлев Владислав
B57: Дневное дежурство | C57: 09:00 - 21:00 | D57: - | E57: - | F57: - | G57: - | H57: - | I57: - | J57: - | K57: - | M57: Роль офис | N57: 08:00 - 17:00 | O57: - | P57: Короткевич Артем | Q57: Короткевич Артем | R57: Короткевич Артем | S57: Короткевич Артем | T57: Короткевич Артем | U57: Короткевич Артем | V57: -
B58: Дневное дежурство | C58: 09:00 - 21:00 | D58: 09:00 - 21:00 | E58: Володин Алексей | F58: Володин Алексей | G58: - | H58: - | I58: - | J58: Володин Алексей | K58: Володин Алексей | M58: Роль аутсорс | N58: 09:00 - 18:00 | O58: - | P58: Пантюх Александр | Q58: Пантюх Александр | R58: Пантюх Александр | S58: Пантюх Александр | T58: Пантюх Александр | U58: Пантюх Александр | V58: - | X58: ГСМАиЦП
B59: Дневное дежурство | C59: 09:00 - 21:00 | D59: - | E59: Оборотов Василий | F59: - | G59: Оборотов Василий | H59: Оборотов Василий | I59: Оборотов Василий | J59: - | K59: - | M59: Роль удаленная помощь | N59: 09:00 - 18:00 | O59: - | P59: - | Q59: - | R59: - | S59: - | T59: - | U59: - | V59: - | X59: Смена | Y59: Будние дни | Z59: Выходные дни | AA59: 45957 | AB59: 45958 | AC59: 45959 | AD59: 45960 | AE59: 45961 | AF59: 45962 | AG59: 45963
B60: Ночное дежурство | C60: 21:00 - 09:00 | D60: 21:00 - 09:00 | E60: Вильмискин Алексей | F60: Вильмискин Алексей | G60: - | H60: - | I60: - | J60: Вильмискин Алексей | K60: Вильмискин Алексей | M60: Роль удаленная помощь | N60: 12:00 - 21:00 | O60: - | P60: Пак Тимур | Q60: Пак Тимур | R60: Пак Тимур | S60: Пак Тимур | T60: Пак Тимур | U60: Пак Тимур | V60: - | X60: Новый сотрудник | Y60: 09:00 - 18:00 | Z60: - | AA60: Рыбаков Максим | AB60: Рыбаков Максим | AC60: Рыбаков Максим | AD60: Рыбаков Максим | AE60: Рыбаков Максим | AF60: Рыбаков Максим | AG60: -
B61: Ночное дежурство | C61: 21:00 - 09:00 | D61: - | E61: - | F61: - | G61: Пенкин Максим | H61: Пенкин Максим | I61: Пенкин Максим | J61: - | K61: - | M61: Старший сотрудник | N61: 09:00 - 18:00 | O61: - | P61: Зырянов Даниил | Q61: Зырянов Даниил | R61: Зырянов Даниил | S61: Зырянов Даниил | T61: Зырянов Даниил | U61: Зырянов Даниил | V61: - | X61: Дневное дежурство (Основа) | Y61: 09:00 - 21:00 | Z61: - | AA61: Евсеев Илья | AB61: Евсеев Илья | AC61: - | AD61: - | AE61: - | AF61: Евсеев Илья | AG61: Евсеев Илья
B62: Дневное дежурство | C62: 09:00 - 18:00 | D62: - | E62: Бурых Антон | F62: Бурых Антон | G62: Бурых Антон | H62: Бурых Антон | I62: Бурых Антон | J62: Бурых Антон | K62: - | M62: Старший сотрудник | N62: 09:00 - 18:00 | O62: - | P62: Батуров Вячеслав | Q62: Батуров Вячеслав | R62: Батуров Вячеслав | S62: Батуров Вячеслав | T62: Батуров Вячеслав | U62: Батуров Вячеслав | V62: - | AA62: - | AB62: - | AC62: Шаповалов Дмитрий | AD62: Шаповалов Дмитрий | AE62: Шаповалов Дмитрий | AF62: - | AG62: -
B63: Старший специалист | C63: 09:00 - 18:00 | D63: - | E63: Вавилова Анна | F63: Вавилова Анна | G63: Вавилова Анна | H63: Вавилова Анна | I63: Вавилова Анна | J63: Вавилова Анна | K63: - | M63: Руководитель 2Л | N63: 09:00 - 18:00 | O63: - | P63: Громов Лев | Q63: Громов Лев | R63: Громов Лев | S63: Громов Лев | T63: Громов Лев | U63: Громов Лев | V63: - | X63: Ночное дежурство | Y63: 21:00 - 09:00 | Z63: - | AA63: Крутилев Владимир | AB63: Крутилев Владимир | AD63: - | AE63: - | AF63: Крутилев Владимир | AG63: Крутилев Владимир
B64: Отпуск | C64: - | D64: - | E64: Кобяков Кирилл | F64: Кобяков Кирилл | G64: Кобяков Кирилл | H64: Кобяков Кирилл | I64: Кобяков Кирилл | J64: Кобяков Кирилл | K64: Кобяков Кирилл | M64: Отпуск | N64: - | O64: - | P64: - | Q64: - | R64: - | S64: - | T64: - | U64: - | V64: - | AA64: - | AB64: - | AC64: Беспалов Роман | AD64: Беспалов Роман | AE64: Беспалов Роман | AG64: -
B65: Отпуск | C65: - | D65: - | E65: - | F65: - | G65: - | H65: - | I65: - | J65: - | K65: - | M65: Больничный | N65: - | O65: - | P65: - | Q65: - | R65: - | S65: - | T65: - | U65: - | V65: - | X65: Дневное дежурство (Резерв) | Y65: 09:00 - 18:00 | Z65: - | AF65: - | AG65: -
X66: Администрирование сервисов | Y66: 09:00 - 18:00 | Z66: - | AA66: Полунин Вадим | AB66: Полунин Вадим | AC66: Полунин Вадим | AD66: Полунин Вадим | AE66: Полунин Вадим | AF66: Полунин Вадим
X67: Ведущий специалист ГСМАиЦП | Y67: 09:00 - 18:00 | Z67: - | AA67: Букреев Даниил | AB67: Букреев Даниил | AC67: Букреев Даниил | AD67: Букреев Даниил | AE67: Букреев Даниил | AF67: Букреев Даниил
X68: Руководитель ГСМАиЦП | Y68: 09:00 - 18:00 | Z68: - | AA68: Демин Владимир | AB68: Демин Владимир | AC68: Демин Владимир | AD68: Демин Владимир | AE68: Демин Владимир | AF68: Демин Влдаимир
X69: Отпуск | Y69: - | Z69: - | AA69: Комлев Владислав | AB69: Комлев Владислав | AC69: Комлев Владислав | AD69: Комлев Владислав | AE69: Комлев Владислав | AF69: Комлев Владислав | AG69: Комлев Владислав
X70: Отпуск | Y70: - | Z70: -

Sheet Ноябрь 2025
B2: 1Л Тех Поддержки | M2: 2Л Тех Поддержки | X2: ГСМАиЦП
B3: Смена | C3: Будние дни | D3: Выходные дни | E3: 45957 | F3: 45958 | G3: 45959 | H3: 45960 | I3: 45961 | J3: 45962 | K3: 45963 | M3: Смена | N3: Будние дни | O3: Выходные дни | P3: 45957 | Q3: 45958 | R3: 45959 | S3: 45960 | T3: 45961 | U3: 45962 | V3: 45963 | X3: Смена | Y3: Будние дни | Z3: Выходные дни | AA3: 45957 | AB3: 45958 | AC3: 45959 | AD3: 45960 | AE3: 45961 | AF3: 45962 | AG3: 45963
B4: Дневное дежурство | C4: 09:00 - 21:00 | D4: 09:00 - 21:00 | E4: Андрианов Владимир | F4: Андрианов Владимир | J4: Андрианов Владимир | K4: Андрианов Владимир | M4: Новый сотрудник | N4: 09:00 - 18:00 | X4: Новый сотрудник | Y4: 09:00 - 18:00 | Z4: - | AA4: Рыбаков Максим | AB4: Рыбаков Максим | AC4: Рыбаков Максим | AD4: Рыбаков Максим | AE4: Рыбаков Максим | AF4: Рыбаков Максим | AG4: -
B5: Дневное дежурство | C5: 09:00 - 21:00 | M5: Роль офис | N5: 08:00 - 17:00 | P5: Короткевич Артем | Q5: Короткевич Артем | R5: Короткевич Артем | S5: Короткевич Артем | T5: Короткевич Артем | U5: Короткевич Артем | X5: Дневное дежурство (Основа) | Y5: 09:00 - 21:00 | Z5: - | AA5: Евсеев Илья | AB5: Евсеев Илья | AC5: - | AD5: - | AE5: - | AF5: Евсеев Илья | AG5: Евсеев Илья
B6: Дневное дежурство | C6: 09:00 - 21:00 | D6: 09:00 - 21:00 | E6: Володин Алексей | F6: Володин Алексей | J6: Володин Алексей | K6: Володин Алексей | M6: Роль аутсорс | N6: 09:00 - 18:00 | P6: Пантюх Александр | Q6: Пантюх Александр | R6: Пантюх Александр | S6: Пантюх Александр | T6: Пантюх Александр | U6: Пантюх Александр | Y6: 09:00 - 21:00 | AA6: - | AB6: - | AC6: Шаповалов Дмитрий | AD6: Шаповалов Дмитрий | AE6: Шаповалов Дмитрий | AF6: - | AG6: -
B7: Дневное дежурство | C7: 09:00 - 21:00 | G7: Оборотов Василий | H7: Оборотов Василий | I7: Оборотов Василий | M7: Роль удаленная помощь | N7: 09:00 - 18:00 | X7: Ночное дежурство | Y7: 21:00 - 09:00 | Z7: - | AA7: Крутилев Владимир | AB7: Крутилев Владимир | AD7: - | AE7: - | AF7: Крутилев Владимир | AG7: Крутилев Владимир
B8: Ночное дежурство | C8: 21:00 - 09:00 | D8: 21:00 - 09:00 | E8: Вильмискин Алексей | F8: Вильмискин Алексей | J8: Вильмискин Алексей | K8: Вильмискин Алексей | M8: Роль удаленная помощь | N8: 12:00 - 21:00 | P8: Пак Тимур | Q8: Пак Тимур | R8: Пак Тимур | S8: Пак Тимур | T8: Пак Тимур | U8: Пак Тимур | Y8: 21:00 - 09:00 | AA8: - | AB8: - | AC8: Беспалов Роман | AD8: Беспалов Роман | AE8: Беспалов Роман | AG8: -
B9: Ночное дежурство | C9: 21:00 - 09:00 | G9: Пенкин Максим | H9: Пенкин Максим | I9: Пенкин Максим | M9: Старший сотрудник | N9: 09:00 - 18:00 | P9: Зырянов Даниил | Q9: Зырянов Даниил | R9: Зырянов Даниил | S9: Зырянов Даниил | T9: Зырянов Даниил | U9: Зырянов Даниил | X9: Дневное дежурство (Резерв) | Y9: 09:00 - 18:00 | Z9: - | AA9: - | AB9: - | AC9: - | AD9: - | AE9: - | AF9: - | AG9: -
B10: Дневное дежурство | C10: 09:00 - 18:00 | D10: 09:00 - 18:00 | E10: Бурых Антон | F10: Бурых Антон | G10: Бурых Антон | H10: Бурых Антон | I10: Бурых Антон | J10: Бурых Антон | M10: Старший сотрудник | N10: 09:00 - 18:00 | P10: Батуров Вячеслав | Q10: Батуров Вячеслав | R10: Батуров Вячеслав | S10: Батуров Вячеслав | T10: Батуров Вячеслав | U10: Батуров Вячеслав | X10: Администрирование сервисов | Y10: 09:00 - 18:00 | Z10: - | AA10: Полунин Вадим | AB10: Полунин Вадим | AC10: Полунин Вадим | AD10: Полунин Вадим | AE10: Полунин Вадим | AF10: Полунин Вадим | AG10: -
B11: Старший специалист | C11: 09:00 - 18:00 | D11: 09:00 - 18:00 | E11: Вавилова Анна | F11: Вавилова Анна | G11: Вавилова Анна | H11: Вавилова Анна | I11: Вавилова Анна | J11: Вавилова Анна | M11: Руководитель 2Л | N11: 09:00 - 18:00 | P11: Громов Лев | Q11: Громов Лев | R11: Громов Лев | S11: Громов Лев | T11: Громов Лев | U11: Громов Лев | X11: Ведущий специалист ГСМАиЦП | Y11: 09:00 - 18:00 | Z11: - | AA11: Букреев Даниил | AB11: Букреев Даниил | AC11: Букреев Даниил | AD11: Букреев Даниил | AE11: Букреев Даниил | AF11: Букреев Даниил | AG11: -
B12: Отпуск | M12: Отпуск | X12: Руководитель ГСМАиЦП | Y12: 09:00 - 18:00 | Z12: - | AA12: Демин Владимир | AB12: Демин Владимир | AC12: Демин Владимир | AD12: Демин Владимир | AE12: Демин Владимир | AF12: Демин Владимир | AG12: -
B13: Отпуск | M13: Больничный | X13: Отпуск | Y13: - | Z13: - | AA13: Комлев Владислав | AB13: Комлев Владислав | AC13: Комлев Владислав | AD13: Комлев Владислав | AE13: Комлев Владислав | AF13: Комлев Владислав | AG13: Комлев Владислав
X14: Отпуск | Y14: - | Z14: -
M15: 2Л Тех Поддержки
B16: 1Л Тех Поддержки | M16: Смена | N16: Будние дни | O16: Выходные дни | P16: 45964 | Q16: 45965 | R16: 45966 | S16: 45967 | T16: 45968 | U16: 45969 | V16: 45970 | X16: ГСМАиЦП
B17: Смена | C17: Будние дни | D17: Выходные дни | E17: 45964 | F17: 45965 | G17: 45966 | H17: 45967 | I17: 45968 | J17: 45969 | K17: 45970 | M17: Новый сотрудник | N17: 09:00 - 18:00 | X17: Смена | Y17: Будние дни | Z17: Выходные дни | AA17: 45964 | AB17: 45965 | AC17: 45966 | AD17: 45967 | AE17: 45968 | AF17: 45969 | AG17: 45970
B18: Дневное дежурство | C18: 09:00 - 21:00 | D18: 09:00 - 21:00 | E18: Бурых Антон | F18: Бурых Антон | J18: Бурых Антон | K18: Бурых Антон | M18: Роль офис | N18: 08:00 - 17:00 | R18: Пак Тимур | S18: Пак Тимур | T18: Пак Тимур | X18: Новый сотрудник | Y18: 09:00 - 18:00 | Z18: - | AA18: - | AB18: - | AC18: Рыбаков Максим | AD18: Рыбаков Максим | AE18: Рыбаков Максим | AF18: - | AG18: -
B19: Дневное дежурство | C19: 09:00 - 21:00 | G19: Андрианов Владимир | H19: Андрианов Владимир | I19: Андрианов Владимир | M19: Роль аутсорс | N19: 09:00 - 18:00 | R19: Короткевич Артем | S19: Короткевич Артем | T19: Короткевич Артем | X19: Дневное дежурство (Основа) | Y19: 09:00 - 21:00 | Z19: - | AA19: Беспалов Роман | AB19: Беспалов Роман | AC19: - | AD19: - | AE19: - | AF19: Беспалов Роман | AG19: Беспалов Роман
B20: Дневное дежурство | C20: 09:00 - 21:00 | D20: 09:00 - 21:00 | E20: Кобяков Кирилл | F20: Кобяков Кирилл | J20: Кобяков Кирилл | K20: Кобяков Кирилл | M20: Роль удаленная помощь | N20: 09:00 - 18:00 | Y20: 09:00 - 21:00 | AA20: - | AB20: - | AC20: Евсеев Илья | AD20: Евсеев Илья | AE20: Евсеев Илья | AF20: - | AG20: -
B21: Дневное дежурство | C21: 09:00 - 21:00 | G21: Володин Алексей | H21: Володин Алексей | I21: Володин Алексей | M21: Роль удаленная помощь | N21: 12:00 - 21:00 | R21: Пантюх Александр | S21: Пантюх Александр | T21: Пантюх Александр | X21: Ночное дежурство | Y21: 21:00 - 09:00 | Z21: - | AA21: Шаповалов Дмитрий | AB21: Шаповалов Дмитрий | AC21: - | AD21: - | AE21: - | AF21: Шаповалов Дмитрий | AG21: Шаповалов Дмитрий
B22: Ночное дежурство | C22: 21:00 - 09:00 | D22: 21:00 - 09:00 | E22: Оборотов Василий | F22: Оборотов Василий | J22: Оборотов Василий | K22: Оборотов Василий | M22: Старший сотрудник | N22: 09:00 - 18:00 | R22: Зырянов Даниил | S22: Зырянов Даниил | T22: Зырянов Даниил | Y22: 21:00 - 09:00 | AA22: - | AB22: - | AC22: Комлев Владислав | AD22: Комлев Владислав | AE22: Комлев Владислав | AF22: - | AG22: -
B23: Ночное дежурство | C23: 21:00 - 09:00 | G23: Вильмискин Алексей | H23: Вильмискин Алексей | I23: Вильмискин Алексей | M23: Старший сотрудник | N23: 09:00 - 18:00 | R23: Батуров Вячеслав | S23: Батуров Вячеслав | T23: Батуров Вячеслав | X23: Дневное дежурство (Резерв) | Y23: 09:00 - 18:00 | Z23: - | AA23: - | AB23: - | AC23: - | AD23: - | AE23: - | AF23: - | AG23: -
B24: Дневное дежурство | C24: 09:00 - 18:00 | G24: Пенкин Максим | H24: Пенкин Максим | I24: Пенкин Максим | M24: Руководитель 2Л | N24: 09:00 - 18:00 | R24: Громов Лев | S24: Громов Лев | T24: Громов Лев | X24: Администрирование сервисов | Y24: 09:00 - 18:00 | Z24: - | AA24: - | AB24: - | AC24: Полунин Вадим | AD24: Полунин Вадим | AE24: Полунин Вадим | AF24: - | AG24: -
B25: Старший специалист | C25: 09:00 - 18:00 | G25: Вавилова Анна | H25: Вавилова Анна | I25: Вавилова Анна | M25: Отпуск | X25: Ведущий специалист ГСМАиЦП | Y25: 09:00 - 18:00 | Z25: - | AA25: - | AB25: - | AC25: Букреев Даниил | AD25: Букреев Даниил | AE25: Букреев Даниил
B26: Отпуск | M26: Больничный | X26: Руководитель ГСМАиЦП | Y26: 09:00 - 18:00 | Z26: - | AA26: - | AB26: - | AC26: - | AD26: - | AE26: -
B27: Отпуск | X27: Отпуск | Y27: - | Z27: - | AA27: - | AB27: - | AC27: Крутилев Владимир | AD27: Крутилев Владимир | AE27: Крутилев Владимир | AF27: Крутилев Владимир | AG27: Крутилев Владимир
M28: 2Л Тех Поддержки | X28: Отпуск | Y28: - | Z28: - | AA28: - | AB28: - | AC28: Демин Владимир | AD28: Демин Владимир | AE28: Демин Владимир | AF28: Демин Владимир | AG28: Демин Владимир
M29: Смена | N29: Будние дни | O29: Выходные дни | P29: 45971 | Q29: 45972 | R29: 45973 | S29: 45974 | T29: 45975 | U29: 45976 | V29: 45977
B30: 1Л Тех Поддержки | M30: Новый сотрудник | N30: 09:00 - 18:00 | X30: ГСМАиЦП
B31: Смена | C31: Будние дни | D31: Выходные дни | E31: 45971 | F31: 45972 | G31: 45973 | H31: 45974 | I31: 45975 | J31: 45976 | K31: 45977 | M31: Роль офис | N31: 08:00 - 17:00 | Q31: Пак Тимур | R31: Пак Тимур | S31: Пак Тимур | T31: Пак Тимур | X31: Смена | Y31: Будние дни | Z31: Выходные дни | AA31: 45971 | AB31: 45972 | AC31: 45973 | AD31: 45974 | AE31: 45975 | AF31: 45976 | AG31: 45977
B32: Дневное дежурство | C32: 09:00 - 21:00 | D32: 09:00 - 21:00 | E32: Пенкин Максим | F32: Пенкин Максим | J32: Пенкин Максим | K32: Пенкин Максим | M32: Роль аутсорс | N32: 09:00 - 18:00 | P32: Короткевич Артем | Q32: Короткевич Артем | R32: Короткевич Артем | S32: Короткевич Артем | T32: Короткевич Артем | X32: Новый сотрудник | Y32: 09:00 - 18:00 | Z32: - | AA32: Рыбаков Максим | AB32: Рыбаков Максим | AC32: Рыбаков Максим | AD32: Рыбаков Максим | AE32: Рыбаков Максим | AG32: -
B33: Дневное дежурство | C33: 09:00 - 21:00 | G33: Бурых Антон | H33: Бурых Антон | I33: Бурых Антон | M33: Роль удаленная помощь | N33: 09:00 - 18:00 | X33: Дневное дежурство (Основа) | Y33: 09:00 - 21:00 | Z33: - | AA33: Комлев Владислав | AB33: Комлев Владислав | AC33: - | AD33: - | AE33: - | AF33: Комлев Владислав | AG33: Комлев Владислав
B34: Дневное дежурство | C34: 09:00 - 21:00 | D34: 09:00 - 21:00 | E34: Андрианов Владимир | F34: Андрианов Владимир | J34: Андрианов Владимир | K34: Андрианов Владимир | M34: Роль удаленная помощь | N34: 12:00 - 21:00 | P34: Пантюх Александр | Q34: Пантюх Александр | R34: Пантюх Александр | S34: Пантюх Александр | T34: Пантюх Александр | Y34: 09:00 - 21:00 | AA34: - | AB34: - | AC34: Беспалов Роман | AD34: Беспалов Роман | AE34: Беспалов Роман | AF34: - | AG34: -
B35: Дневное дежурство | C35: 09:00 - 21:00 | G35: Кобяков Кирилл | H35: Кобяков Кирилл | I35: Кобяков Кирилл | M35: Старший сотрудник | N35: 09:00 - 18:00 | P35: Зырянов Даниил | Q35: Зырянов Даниил | R35: Зырянов Даниил | S35: Зырянов Даниил | T35: Зырянов Даниил | X35: Ночное дежурство | Y35: 21:00 - 09:00 | Z35: - | AA35: Евсеев Илья | AB35: Евсеев Илья | AD35: - | AE35: - | AF35: Евсеев Илья | AG35: Евсеев Илья
B36: Ночное дежурство | C36: 21:00 - 09:00 | D36: 21:00 - 09:00 | E36: Володин Алексей | F36: Володин Алексей | J36: Володин Алексей | K36: Володин Алексей | M36: Старший сотрудник | N36: 09:00 - 18:00 | P36: Батуров Вячеслав | Q36: Батуров Вячеслав | R36: Батуров Вячеслав | S36: Батуров Вячеслав | T36: Батуров Вячеслав | Y36: 21:00 - 09:00 | AA36: - | AB36: - | AC36: Шаповалов Дмитрий | AD36: Шаповалов Дмитрий | AE36: Шаповалов Дмитрий | AG36: -
B37: Ночное дежурство | C37: 21:00 - 09:00 | G37: Оборотов Василий | H37: Оборотов Василий | I37: Оборотов Василий | M37: Руководитель 2Л | N37: 09:00 - 18:00 | P37: Громов Лев | Q37: Громов Лев | R37: Громов Лев | S37: Громов Лев | T37: Громов Лев | X37: Администрирование сервисов | Y37: 09:00 - 18:00 | Z37: - | AA37: Полунин Вадим | AB37: Полунин Вадим | AC37: Крутилев Владимир | AD37: Крутилев Владимир | AE37: Крутилев Владимир | AF37: - | AG37: -
B38: Дневное дежурство | C38: 09:00 - 18:00 | E38: Вильмискин Алексей | F38: Вильмискин Алексей | G38: Вильмискин Алексей | H38: Вильмискин Алексей | I38: Вильмискин Алексей | M38: Отпуск | X38: Старший специалист ГСМАиЦП | Y38: 09:00 - 18:00 | Z38: - | AA38: - | AB38: - | AC38: Полунин Вадим | AD38: Полунин Вадим | AE38: Полунин Вадим
B39: Старший специалист | C39: 09:00 - 18:00 | E39: Вавилова Анна | F39: Вавилова Анна | G39: Вавилова Анна | H39: Вавилова Анна | I39: Вавилова Анна | M39: Больничный | X39: Ведущий специалист ГСМАиЦП | Y39: 09:00 - 18:00 | Z39: - | AA39: Букреев Даниил | AB39: Букреев Даниил | AC39: Букреев Даниил | AD39: Букреев Даниил | AE39: Букреев Даниил
B40: Отпуск | X40: Руководитель ГСМАиЦП | Y40: 09:00 - 18:00 | Z40: - | AA40: - | AB40: - | AC40: Демин Владимир | AD40: Демин Владимир | AE40: Демин Владимир
B41: Отпуск | M41: 2Л Тех Поддержки | X41: Отпуск | Y41: - | Z41: - | AA41: Крутилев Владимир | AB41: Крутилев Владимир
M42: Смена | N42: Будние дни | O42: Выходные дни | P42: 45978 | Q42: 45979 | R42: 45980 | S42: 45981 | T42: 45982 | U42: 45983 | V42: 45984 | X42: Отпуск | Y42: - | Z42: - | AA42: Демин Владимир | AB42: Демин Владимир
M43: Новый сотрудник | N43: 09:00 - 18:00
B44: 1Л Тех Поддержки | M44: Роль офис | N44: 08:00 - 17:00 | P44: Пантюх Александр | Q44: Пантюх Александр | R44: Пантюх Александр | S44: Пантюх Александр | T44: Пантюх Александр | X44: ГСМАиЦП
B45: Смена | C45: Будние дни | D45: Выходные дни | E45: 45978 | F45: 45979 | G45: 45980 | H45: 45981 | I45: 45982 | J45: 45983 | K45: 45984 | M45: Роль аутсорс | N45: 09:00 - 18:00 | P45: Пак Тимур | Q45: Пак Тимур | R45: Пак Тимур | S45: Пак Тимур | T45: Пак Тимур | X45: Смена | Y45: Будние дни | Z45: Выходные дни | AA45: 45978 | AB45: 45979 | AC45: 45980 | AD45: 45981 | AE45: 45982 | AF45: 45983 | AG45: 45984
B46: Дневное дежурство | C46: 09:00 - 21:00 | D46: 09:00 - 21:00 | E46: Вильмискин Алексей | F46: Вильмискин Алексей | J46: Вильмискин Алексей | K46: Вильмискин Алексей | M46: Роль удаленная помощь | N46: 09:00 - 18:00 | X46: Новый сотрудник | Y46: 09:00 - 18:00 | Z46: - | AA46: Рыбаков Максим | AB46: Рыбаков Максим | AC46: Рыбаков Максим | AD46: Рыбаков Максим | AE46: Рыбаков Максим | AG46: -
B47: Дневное дежурство | C47: 09:00 - 21:00 | G47: Пенкин Максим | H47: Пенкин Максим | I47: Пенкин Максим | M47: Роль удаленная помощь | N47: 12:00 - 21:00 | X47: Дневное дежурство (Основа) | Y47: 09:00 - 21:00 | Z47: - | AA47: Шаповалов Дмитрий | AB47: Шаповалов Дмитрий | AC47: - | AD47: - | AE47: - | AF47: Шаповалов Дмитрий | AG47: Шаповалов Дмитрий
B48: Дневное дежурство | C48: 09:00 - 21:00 | D48: 09:00 - 21:00 | E48: Бурых Антон | F48: Бурых Антон | J48: Бурых Антон | K48: Бурых Антон | M48: Старший сотрудник | N48: 09:00 - 18:00 | P48: Зырянов Даниил | Q48: Зырянов Даниил | R48: Зырянов Даниил | S48: Зырянов Даниил | T48: Зырянов Даниил | Y48: 09:00 - 21:00 | AA48: - | AB48: - | AC48: Комлев Владислав | AD48: Комлев Владислав | AE48: Комлев Владислав | AF48: - | AG48: -
B49: Дневное дежурство | C49: 09:00 - 21:00 | G49: Андрианов Владимир | H49: Андрианов Владимир | I49: Андрианов Владимир | M49: Старший сотрудник | N49: 09:00 - 18:00 | P49: Батуров Вячеслав | Q49: Батуров Вячеслав | R49: Батуров Вячеслав | S49: Батуров Вячеслав | T49: Батуров Вячеслав | X49: Ночное дежурство | Y49: 21:00 - 09:00 | Z49: - | AA49: Беспалов Роман | AB49: Беспалов Роман | AC49: - | AD49: - | AE49: - | AF49: Беспалов Роман | AG49: Беспалов Роман
B50: Ночное дежурство | C50: 21:00 - 09:00 | D50: 21:00 - 09:00 | E50: Кобяков Кирилл | F50: Кобяков Кирилл | J50: Кобяков Кирилл | K50: Кобяков Кирилл | M50: Руководитель 2Л | N50: 09:00 - 18:00 | P50: Громов Лев | Q50: Громов Лев | R50: Громов Лев | S50: Громов Лев | T50: Громов Лев | Y50: 21:00 - 09:00 | AA50: - | AB50: - | AC50: Евсеев Илья | AD50: Евсеев Илья | AE50: Евсеев Илья | AF50: - | AG50: -
B51: Ночное дежурство | C51: 21:00 - 09:00 | G51: Володин Алексей | H51: Володин Алексей | I51: Володин Алексей | M51: Отпуск | P51: Короткевич Артем | Q51: Короткевич Артем | R51: Короткевич Артем | S51: Короткевич Артем | T51: Короткевич Артем | U51: Короткевич Артем | V51: Короткевич Артем | X51: Администрирование сервисов | Y51: 09:00 - 18:00 | Z51: - | AA51: Крутилев Владимир | AB51: Крутилев Владимир | AC51: Крутилев Владимир | AD51: Крутилев Владимир | AE51: Крутилев Владимир
B52: Дневное дежурство | C52: 09:00 - 18:00 | E52: Оборотов Василий | F52: Оборотов Василий | G52: Оборотов Василий | H52: Оборотов Василий | I52: Оборотов Василий | M52: Больничный | X52: Старший специалист ГСМАиЦП | Y52: 09:00 - 18:00 | Z52: - | AA52: Полунин Вадим | AB52: Полунин Вадим | AC52: Полунин Вадим | AD52: Полунин Вадим | AE52: Полунин Вадим
B53: Старший специалист | C53: 09:00 - 18:00 | E53: Вавилова Анна | F53: Вавилова Анна | G53: Вавилова Анна | H53: Вавилова Анна | I53: Вавилова Анна | X53: Ведущий специалист ГСМАиЦП | Y53: 09:00 - 18:00 | Z53: - | AA53: Букреев Даниил | AB53: Букреев Даниил | AC53: Букреев Даниил | AD53: Букреев Даниил | AE53: Букреев Даниил
B54: Отпуск | M54: 2Л Тех Поддержки | X54: Руководитель ГСМАиЦП | Y54: 09:00 - 18:00 | Z54: - | AA54: Демин Владимир | AB54: Демин Владимир | AC54: Демин Владимир | AD54: Демин Владимир | AE54: Демин Владимир
